t,xP,xR,vP,vR,phiP,phiR,F^intra,F^inter,L^intra,L^inter,tauドットPR,tauPR,tauRB,e2,e4a,e4b,e5,e6,e7,e8
0,0,80,5.3349593749999995,,0,0,3.90125,0,1.3675,1,,,,0,0,0,0,0,0,0
0.016666666666666666,0.08891599,80,5.3349593749999995,,0.20426897233028635,0,3.90125,0,1.3675,1,,,,0,0,0,0,0,0,0
0.033333333,0.1778319791666263,80,5.3349593749999995,,0.4085379446605727,0,3.90125,0,1.3675,1,,,,0,0,0,0,0,0,0
0.05,0.26674796874993945,80,5.3349593749999995,,0.612806917,0,3.90125,0,1.3675,1,,,,0,0,0,0,0,0,0
0.066666667,0.3556639583332526,80,5.3349593749999995,,0.8170758893211454,0,3.90125,0,1.3675,1,,,,0,0,0,0,0,0,0
0.083333333,0.44457994791656574,80,5.3349593749999995,,1.0213448616514318,0,3.90125,0,1.3675,1,,,,0,0,0,0,0,0,0
0.1,0.5334959374998789,80,5.3349593749999995,,1.2256138339817182,0,3.90125,0,1.3675,1,,,,0,0,0,0,0,0,0
0.11666666666666665,0.622411927,80,5.3349593749999995,,1.4298828063120046,0,3.90125,0,1.3675,1,,,,0,0,0,0,0,0,0
0.13333333333333333,0.7113279166665052,80,5.3349593749999995,,1.634151778642291,0,3.90125,0,1.3675,1,,,,0,0,0,0,0,0,0
0.15,0.8002439062498183,80,5.3349593749999995,,1.8384207509725774,0,3.90125,0,1.3675,1,,,,0,0,0,0,0,0,0
0.16666666666666666,0.8891598958331315,80,5.3349593749999995,,2.0426897233028636,0,3.90125,0,1.3675,1,,,,0,0,0,0,0,0,0
0.18333333333333332,0.9780758854164446,80,5.3349593749999995,,2.246958696,0,3.90125,0,1.3675,1,,,,0,0,0,0,0,0,0
0.19999999999999998,1.0669918749997578,80,5.3349593749999995,,2.4512276679634364,0,3.90125,0,1.3675,1,,,,0,0,0,0,0,0,0
0.21666666666666665,1.155907864583071,80,5.3349593749999995,,2.655496640293723,0,3.90125,0,1.3675,1,,,,0,0,0,0,0,0,0
0.2333333333333333,1.244823854166384,80,5.3349593749999995,,2.859765612624009,0,3.90125,0,1.3675,1,,,,0,0,0,0,0,0,0
0.24999999999999997,1.3337398437496972,80,5.3349593749999995,,3.0640345849542956,0,3.90125,0,1.3675,1,,,,0,0,0,0,0,0,0
0.26666666666666666,1.4226558333330104,80,5.3349593749999995,,3.268303557284582,0,3.90125,0,1.3675,1,,,,0,0,0,0,0,0,0
0.2833333333333333,1.5115718229163235,80,5.3349593749999995,,3.4725725296148684,0,3.90125,0,1.3675,1,,,,0,0,0,0,0,0,0
0.3,1.6004878124996367,80,5.3349593749999995,,3.676841501945155,0,3.90125,0,1.3675,1,,,,0,0,0,0,0,0,0
0.31666666666666665,1.6894038020829498,80,5.3349593749999995,,3.881110474275441,0,3.90125,0,1.3675,1,,,,0,0,0,0,0,0,0
0.3333333333333333,1.778319791666263,80,5.3349593749999995,,4.085379446605727,0,3.90125,0,1.3675,1,,,,0,0,0,0,0,0,0
0.35,1.8672357812495761,80,5.3349593749999995,,4.289648418936014,0,3.90125,0,1.3675,1,,,,0,0,0,0,0,0,0
0.36666666666666664,1.9561517708328893,80,5.3349593749999995,,4.493917391,0,3.90125,0,1.3675,1,,,,0,0,0,0,0,0,0
0.3833333333333333,2.0450677604162024,80,5.3349593749999995,,4.698186363596586,0,3.90125,0,1.3675,1,,,,0,0,0,0,0,0,0
0.39999999999999997,2.1339837499995156,80,5.3349593749999995,,4.902455335926873,0,3.90125,0,1.3675,1,,,,0,0,0,0,0,0,0
0.41666666666666663,2.2228997395828287,80,5.3349593749999995,,5.106724308257159,0,3.90125,0,1.3675,1,,,,0,0,0,0,0,0,0
0.4333333333333333,2.311815729166142,80,5.3349593749999995,,5.310993280587446,0,3.90125,0,1.3675,1,,,,0,0,0,0,0,0,0
0.44999999999999996,2.400731718749455,80,5.3349593749999995,,5.515262252917732,0,3.90125,0,1.3675,1,,,,0,0,0,0,0,0,0
0.4666666666666666,2.489647708332768,80,5.3349593749999995,,5.719531225248018,0,3.90125,0,1.3675,1,,,,0,0,0,0,0,0,0
0.4833333333333333,2.5785636979160813,80,5.3349593749999995,,5.923800197578305,0,3.90125,0,1.3675,1,,,,0,0,0,0,0,0,0
0.49999999999999994,2.6674796874993945,80,5.3349593749999995,,6.128069169908591,0,3.90125,0,1.3675,1,,,,0,0,0,0,0,0,0
0.5166666666666666,2.7563956770827076,80,5.3349593749999995,,0.049152835059291355,0,3.90125,0,1.3675,1,,,,0,0,0,0,0,0,0
0.5333333333333333,2.8453116666660208,80,5.3349593749999995,,0.2534218073895777,0,3.90125,0,1.3675,1,,,,0,0,0,0,0,0,0
0.55,2.934227656249334,80,5.3349593749999995,,0.45769077971986405,0,3.90125,0,1.3675,1,,,,0,0,0,0,0,0,0
0.5666666666666668,3.023143645832647,80,5.3349593749999995,,0.6619597520501503,0,3.90125,0,1.3675,1,,,,0,0,0,0,0,0,0
0.5833333333333335,3.112059635,80,5.3349593749999995,,0.8662287243804367,0,3.90125,0,1.3675,1,,,,0,0,0,0,0,0,0
0.6000000000000002,3.2009756249992734,80,5.3349593749999995,,1.0704976967107231,0,3.90125,0,1.3675,1,,,,0,0,0,0,0,0,0
0.6166666666666669,3.2898916145825865,80,5.3349593749999995,,1.2747666690410095,0,3.90125,0,1.3675,1,,,,0,0,0,0,0,0,0
0.6333333333333336,3.3788076041658996,80,5.3349593749999995,,1.479035641371296,0,3.90125,0,1.3675,1,,,,0,0,0,0,0,0,0
0.6500000000000004,3.467723593749213,80,5.3349593749999995,,1.6833046137015824,0,3.90125,0,1.3675,1,,,,0,0,0,0,0,0,0
0.6666666666666671,3.556639583332526,80,5.3349593749999995,,1.8875735860318688,0,3.90125,0,1.3675,1,,,,0,0,0,0,0,0,0
0.6833333333333338,3.645555572915839,80,5.3349593749999995,,2.091842558362155,0,3.90125,0,1.3675,1,,,,0,0,0,0,0,0,0
0.7000000000000005,3.7344715624991522,80,5.3349593749999995,,2.2961115306924413,0,3.90125,0,1.3675,1,,,,0,0,0,0,0,0,0
0.7166666666666672,3.8233875520824654,80,5.3349593749999995,,2.5003805030227277,0,3.90125,0,1.3675,1,,,,0,0,0,0,0,0,0
0.733333333,3.9123035416657785,80,5.3349593749999995,,2.704649475353014,0,3.90125,0,1.3675,1,,,,0,0,0,0,0,0,0
0.7500000000000007,4.001219531249092,80,5.3349593749999995,,2.9089184476833005,0,3.90125,0,1.3675,1,,,,0,0,0,0,0,0,0
0.7666666666666674,4.090135520832405,80,5.3349593749999995,,3.113187420013587,0,3.90125,0,1.3675,1,,,,0,0,0,0,0,0,0
0.7833333333333341,4.179051510415718,80,5.3349593749999995,,3.3174563923438734,0,3.90125,0,1.3675,1,,,,0,0,0,0,0,0,0
0.8000000000000008,4.267967499999031,80,5.3349593749999995,,3.5217253646741598,0,3.90125,0,1.3675,1,,,,0,0,0,0,0,0,0
0.8166666666666675,4.356883489582344,80,5.3349593749999995,,3.725994337004446,0,3.90125,0,1.3675,1,,,,0,0,0,0,0,0,0
0.8333333333333343,4.445799479165657,80,5.3349593749999995,,3.9302633093347326,0,3.90125,0,1.3675,1,,,,0,0,0,0,0,0,0
0.85,4.534715468748971,80,5.3349593749999995,,4.1345322816650185,0,3.90125,0,1.3675,1,,,,0,0,0,0,0,0,0
0.8666666666666677,4.623631458332284,80,5.3349593749999995,,4.338801253995305,0,3.90125,0,1.3675,1,,,,0,0,0,0,0,0,0
0.8833333333333344,4.712547447915597,80,5.3349593749999995,,4.543070226325591,0,3.90125,0,1.3675,1,,,,0,0,0,0,0,0,0
0.9000000000000011,4.801463437,80,5.3349593749999995,,4.747339198655878,0,3.90125,0,1.3675,1,,,,0,0,0,0,0,0,0
0.9166666666666679,4.890379427082223,80,5.3349593749999995,,4.951608170986164,0,3.90125,0,1.3675,1,,,,0,0,0,0,0,0,0
0.9333333333333346,4.979295416665536,80,5.3349593749999995,,5.1558771433164505,0,3.90125,0,1.3675,1,,,,0,0,0,0,0,0,0
0.9500000000000013,5.0682114062488495,80,5.3349593749999995,,5.360146115646737,0,3.90125,0,1.3675,1,,,,0,0,0,0,0,0,0
0.966666667,5.157127395832163,80,5.3349593749999995,,5.564415087977023,0,3.90125,0,1.3675,1,,,,0,0,0,0,0,0,0
0.9833333333333347,5.246043385415476,80,5.3349593749999995,,5.76868406,0,3.90125,0,1.3675,1,,,,0,0,0,0,0,0,0
1.0000000000000013,5.334959374998789,80,5.3349593749999995,,5.972953032637596,0,3.90125,0,1.3675,1,,,,0,0,0,0,0,0,0
1.016666666666668,5.423875364582102,80,5.3349593749999995,,6.1772220049678825,0,3.90125,0,1.3675,1,,,,0,0,0,0,0,0,0
1.0333333333333345,5.512791354165415,80,5.3349593749999995,,0.09830567,0,3.90125,0,1.3675,1,,,,0,0,0,0,0,0,0
1.0500000000000012,5.601707343748728,80,5.3349593749999995,,0.30257464244886906,0,3.90125,0,1.3675,1,,,,0,0,0,0,0,0,0
1.0666666666666678,5.6906233333320415,80,5.3349593749999995,,0.5068436147791554,0,3.90125,0,1.3675,1,,,,0,0,0,0,0,0,0
1.0833333333333344,5.779539322915355,80,5.3349593749999995,,0.7111125871094417,0,3.90125,0,1.3675,1,,,,0,0,0,0,0,0,0
1.100000000000001,5.868455312498668,80,5.3349593749999995,,0.9153815594397281,0,3.90125,0,1.3675,1,,,,0,0,0,0,0,0,0
1.1166666666666676,5.957371302081981,80,5.3349593749999995,,1.1196505317700145,0,3.90125,0,1.3675,1,,,,0,0,0,0,0,0,0
1.1333333333333342,6.046287291665294,80,5.3349593749999995,,1.323919504100301,0,3.90125,0,1.3675,1,,,,0,0,0,0,0,0,0
1.1500000000000008,6.135203281248607,80,5.3349593749999995,,1.5281884764305873,0,3.90125,0,1.3675,1,,,,0,0,0,0,0,0,0
1.1666666666666674,6.224119271,80,5.3349593749999995,,1.7324574487608737,0,3.90125,0,1.3675,1,,,,0,0,0,0,0,0,0
1.183333333333334,6.3130352604152336,80,5.3349593749999995,,1.936726421,0,3.90125,0,1.3675,1,,,,0,0,0,0,0,0,0
1.2000000000000006,6.401951249998547,80,5.3349593749999995,,2.1409953934214463,0,3.90125,0,1.3675,1,,,,0,0,0,0,0,0,0
1.2166666666666672,6.49086724,80,5.3349593749999995,,2.3452643657517327,0,3.90125,0,1.3675,1,,,,0,0,0,0,0,0,0
1.2333333333333338,6.579783229165173,80,5.3349593749999995,,2.549533338082019,0,3.90125,0,1.3675,1,,,,0,0,0,0,0,0,0
1.2500000000000004,6.668699218748486,80,5.3349593749999995,,2.7538023104123055,0,3.90125,0,1.3675,1,,,,0,0,0,0,0,0,0
1.266666666666667,6.757615208331799,80,5.3349593749999995,,2.958071282742592,0,3.90125,0,1.3675,1,,,,0,0,0,0,0,0,0
1.2833333333333337,6.846531197915112,80,5.3349593749999995,,3.1623402550728783,0,3.90125,0,1.3675,1,,,,0,0,0,0,0,0,0
1.3000000000000003,6.935447187498426,80,5.3349593749999995,,3.3666092274031647,0,3.90125,0,1.3675,1,,,,0,0,0,0,0,0,0
1.3166666666666669,7.024363177081739,80,5.3349593749999995,,3.570878199733451,0,3.90125,0,1.3675,1,,,,0,0,0,0,0,0,0
1.3333333333333335,7.113279166665052,80,5.3349593749999995,,3.7751471720637375,0,3.90125,0,1.3675,1,,,,0,0,0,0,0,0,0
1.35,7.202195156248365,80,5.3349593749999995,,3.979416144394024,0,3.90125,0,1.3675,1,,,,0,0,0,0,0,0,0
1.3666666666666667,7.291111145831678,80,5.3349593749999995,,4.183685117,0,3.90125,0,1.3675,1,,,,0,0,0,0,0,0,0
1.3833333333333333,7.380027135414991,80,5.3349593749999995,,4.387954089054596,0,3.90125,0,1.3675,1,,,,0,0,0,0,0,0,0
1.4,7.4689431249983045,80,5.3349593749999995,,4.592223061384883,0,3.90125,0,1.3675,1,,,,0,0,0,0,0,0,0
1.4166666666666665,7.557859114581618,80,5.3349593749999995,,4.796492033715169,0,3.90125,0,1.3675,1,,,,0,0,0,0,0,0,0
1.4333333333333331,7.646775104164931,80,5.3349593749999995,,5.0007610060454555,0,3.90125,0,1.3675,1,,,,0,0,0,0,0,0,0
1.4499999999999997,7.735691093748244,80,5.3349593749999995,,5.205029978375742,0,3.90125,0,1.3675,1,,,,0,0,0,0,0,0,0
1.4666666666666663,7.824607083331557,80,5.3349593749999995,,5.409298950706028,0,3.90125,0,1.3675,1,,,,0,0,0,0,0,0,0
1.483333333333333,7.913523073,80,5.3349593749999995,,5.613567923036315,0,3.90125,0,1.3675,1,,,,0,0,0,0,0,0,0
1.4999999999999996,8.002439062498183,80,5.3349593749999995,,5.817836895366601,0,3.90125,0,1.3675,1,,,,0,0,0,0,0,0,0
1.5166666666666662,8.091355052081497,80,5.3349593749999995,,6.0221058676968875,0,3.90125,0,1.3675,1,,,,0,0,0,0,0,0,0
1.5333333333333328,8.180271042,80,5.3349593749999995,,6.226374840027174,0,3.90125,0,1.3675,1,,,,0,0,0,0,0,0,0
1.5499999999999994,8.269187031248123,80,5.3349593749999995,,0.14745850517787407,0,3.90125,0,1.3675,1,,,,0,0,0,0,0,0,0
1.566666666666666,8.358103020831436,80,5.3349593749999995,,0.3517274775081604,0,3.90125,0,1.3675,1,,,,0,0,0,0,0,0,0
1.5833333333333326,8.44701901,80,5.3349593749999995,,0.5559964498384468,0,3.90125,0,1.3675,1,,,,0,0,0,0,0,0,0
1.5999999999999992,8.535934999998062,80,5.3349593749999995,,0.760265422,0,3.90125,0,1.3675,1,,,,0,0,0,0,0,0,0
1.6166666666666658,8.624850989581375,80,5.3349593749999995,,0.9645343944990195,0,3.90125,0,1.3675,1,,,,0,0,0,0,0,0,0
1.6333333333333324,8.713766979164689,80,5.3349593749999995,,1.1688033668293059,0,3.90125,0,1.3675,1,,,,0,0,0,0,0,0,0
1.649999999999999,8.802682968748002,80,5.3349593749999995,,1.3730723391595923,0,3.90125,0,1.3675,1,,,,0,0,0,0,0,0,0
1.6666666666666656,8.891598958331315,80,5.3349593749999995,,1.5773413114898787,0,3.90125,0,1.3675,1,,,,0,0,0,0,0,0,0
1.6833333333333322,8.980514947914628,80,5.3349593749999995,,1.781610283820165,0,3.90125,0,1.3675,1,,,,0,0,0,0,0,0,0
1.6999999999999988,9.069430937497941,80,5.3349593749999995,,1.9858792561504515,0,3.90125,0,1.3675,1,,,,0,0,0,0,0,0,0
1.7166666666666655,9.158346927081254,80,5.3349593749999995,,2.1901482284807376,0,3.90125,0,1.3675,1,,,,0,0,0,0,0,0,0
1.733333333333332,9.247262916664567,80,5.3349593749999995,,2.394417200811024,0,3.90125,0,1.3675,1,,,,0,0,0,0,0,0,0
1.7499999999999987,9.336178906,80,5.3349593749999995,,2.5986861731413105,0,3.90125,0,1.3675,1,,,,0,0,0,0,0,0,0
1.7666666666666653,9.425094895831194,80,5.3349593749999995,,2.802955145471597,0,3.90125,0,1.3675,1,,,,0,0,0,0,0,0,0
1.7833333333333319,9.514010885414507,80,5.3349593749999995,,3.0072241178018833,0,3.90125,0,1.3675,1,,,,0,0,0,0,0,0,0
1.7999999999999985,9.602926875,80,5.3349593749999995,,3.2114930901321697,0,3.90125,0,1.3675,1,,,,0,0,0,0,0,0,0
1.816666666666665,9.691842864581133,80,5.3349593749999995,,3.415762062462456,0,3.90125,0,1.3675,1,,,,0,0,0,0,0,0,0
1.8333333333333317,9.780758854164446,80,5.3349593749999995,,3.6200310347927425,0,3.90125,0,1.3675,1,,,,0,0,0,0,0,0,0
1.8499999999999983,9.869674844,80,5.3349593749999995,,3.824300007123029,0,3.90125,0,1.3675,1,,,,0,0,0,0,0,0,0
1.866666666666665,9.958590833331073,80,5.3349593749999995,,4.028568979453315,0,3.90125,0,1.3675,1,,,,0,0,0,0,0,0,0
1.8833333333333315,10.047506822914386,80,5.355759356,,4.232837951783601,0,3.9099491393982064,0,1.3697772438351137,1,,,,0,0,0,0,0,0,0
1.8999999999999981,10.136769478842723,80,5.394810043869024,,4.437562409987653,0,3.926148697248504,0,1.3740717583238191,1,,,,0,0,0,0,0,0,0
1.9166666666666647,10.226682979573866,80,5.434103183264811,,4.643135075057271,0,3.9422750144031142,0,1.378418086868952,1,,,,0,0,0,0,0,0,0
1.9333333333333313,10.317251365961624,80,5.473638429399779,,4.8495521121185945,0,3.9583256308818466,0,1.3828166098048753,1,,,,0,0,0,0,0,0,0
1.949999999999998,10.408478673118282,80,5.513415345225494,,5.056809557493504,0,3.974298064319957,0,1.3872677026223235,1,,,,0,0,0,0,0,0,0
1.9666666666666646,10.500368928872035,80,5.553433397869514,,5.264903317527566,0,3.9901898103862212,0,1.3917717356237704,1,,,,0,0,0,0,0,0,0
1.9833333333333312,10.592926152169866,80,5.5936919553218765,,5.473829167439869,0,4.005998343233725,0,1.3963290735678469,1,,,,0,0,0,0,0,0,0
1.9999999999999978,10.686154351425216,80,5.634190283073596,,5.683582750196469,0,4.021721115984533,0,1.4009400753026415,1,,,,0,0,0,0,0,0,0
2.0166666666666644,10.780057522809784,80,5.6749275407094295,,5.894159575409201,0,4.037355561249419,0,1.4056050933877222,1,,,,0,0,0,0,0,0,0
2.033333333333331,10.874639648488255,80,5.715902778457348,,6.105555018261719,0,4.052899091683838,0,1.4103244737047202,1,,,,0,0,0,0,0,0,0
2.0499999999999976,10.96990469,80,5.757114933697424,,0.034579011285044814,0,4.068349100581358,0,1.415098555056336,1,,,,0,0,0,0,0,0,0
2.066666666666664,11.065856610357514,80,5.798562827,,0.24759727206212875,0,4.083702963,0,1.4199276687536255,1,,,,0,0,0,0,0,0,0
2.083333333333331,11.162499324148087,80,5.840245160727675,,0.4614194591696439,0,4.0989580339629015,0,1.424812138191443,1,,,,0,0,0,0,0,0,0
2.0999999999999974,11.259836743493565,80,5.8821605111105075,,0.6760403999508224,0,4.114111654113979,0,1.429752278411923,1,,,,0,0,0,0,0,0,0
2.116666666666664,11.35787275,80,5.924307328954855,,0.8914547824276996,0,4.129161145530703,0,1.4347483956559002,1,,,,0,0,0,0,0,0,0
2.1333333333333306,11.456611207494689,80,5.966683933833122,,1.107657154432494,0,4.144103814994322,0,1.439800786902173,1,,,,0,0,0,0,0,0,0
2.1499999999999972,11.55605593972524,80,6.009288511,,1.3246419227808206,0,4.158936954339297,0,1.4449097393945387,1,,,,0,0,0,0,0,0,0
2.166666666666664,11.65621074823946,80,6.052119106977392,,1.5424033524890781,0,4.173657841,0,1.4500755301565362,1,,,,0,0,0,0,0,0,0
2.1833333333333305,11.757079400022405,80,6.095173627339008,,1.760935566,0,4.188263740662424,0,1.4552984254938501,1,,,,0,0,0,0,0,0,0
2.199999999999997,11.858665627144717,80,6.138449832,,1.9802325426877796,0,4.202751904819729,0,1.4605786804843504,1,,,,0,0,0,0,0,0,0
2.2166666666666637,11.960973124337102,80,6.181945329985061,,2.2002881178384825,0,4.217119575236745,0,1.465916538455757,1,,,,0,0,0,0,0,0,0
2.2333333333333303,12.064005546503495,80,6.225657580149284,,2.4210959824530405,0,4.231363983320656,0,1.471312230450939,1,,,,0,0,0,0,0,0,0
2.249999999999997,12.167766506172654,80,6.269583882953058,,2.642649682530784,0,4.245482351601368,0,1.4767659746808774,1,,,,0,0,0,0,0,0,0
2.2666666666666635,12.272259570888536,80,6.313721379086096,,2.864942619,0,4.259471894921883,0,1.4822779759653484,1,,,,0,0,0,0,0,0,0
2.283333333,12.377488260539963,80,6.358067045385878,,3.0879680455306966,0,4.273329821682726,0,1.4878484251613973,1,,,,0,0,0,0,0,0,0
2.2999999999999967,12.483456044629747,80,6.402617691244901,,3.311719071766774,0,4.287053335141492,0,1.493477498579706,1,,,,0,0,0,0,0,0,0
2.3166666666666633,12.590166339483801,80,6.447369955058927,,3.5361886594872427,0,4.300639634768494,0,1.4991653573889812,1,,,,0,0,0,0,0,0,0
2.333333333,12.697622505401455,80,6.492320300724142,,3.7613696241926724,0,4.314085917659498,0,1.504912147008512,1,,,,0,0,0,0,0,0,0
2.3499999999999965,12.80582784374684,80,6.537465014191473,,3.987254635,0,4.327389380006446,0,1.510717996489083,1,,,,0,0,0,0,0,0,0
2.366666666666663,12.914785593983368,80,6.5828002,,4.213836212714756,0,4.340547218627035,0,1.516583017882447,1,,,,0,0,0,0,0,0,0
2.3833333333333298,13.024498930651475,80,6.628321778405011,,4.441106733624728,0,4.353556633,0,1.5225073055996068,1,,,,0,0,0,0,0,0,0
2.3999999999999964,13.134970960291582,80,6.674025481,,4.669058425855038,0,4.366414824684486,0,1.528490935758171,1,,,,0,0,0,0,0,0,0
2.416666666666663,13.246204718313095,80,6.719906849907445,,4.897683371450944,0,4.379119003491229,0,1.534533966,1,,,,0,0,0,0,0,0,0
2.4333333333333296,13.358203165811574,80,6.765961231418474,,5.126973506293669,0,4.3916663847943775,0,1.5406364324131745,1,,,,0,0,0,0,0,0,0
2.449999999999996,13.470969186335196,80,6.812183776073373,,5.356920620485123,0,4.404054193596224,0,1.5467983536575738,1,,,,0,0,0,0,0,0,0
2.466666666666663,13.584505582603072,80,6.858569434425161,,5.587516358828677,0,4.416279665978201,0,1.5530197254629696,1,,,,0,0,0,0,0,0,0
2.4833333333333294,13.698815073176831,80,6.905112954681071,,5.8187522214092615,0,4.428340051060821,0,1.5593005223315974,1,,,,0,0,0,0,0,0,0
2.499999999999996,13.813900289088167,80,6.951808880200924,,6.050619564276097,0,4.440232613026744,0,1.5656406963467913,1,,,,0,0,0,0,0,0,0
2.5166666666666626,13.92976377042487,80,6.998651547,,6.283109600231341,0,4.4519546332070705,0,1.5720401764545198,1,,,,0,0,0,0,0,0,0
2.533333333333329,14.046407962877424,80,7.045635082348886,,0.23302809254839385,0,4.463503412230873,0,1.5784988677374967,1,,,,0,0,0,0,0,0,0
2.549999999999996,14.16383521,80,7.092753401240962,,0.46673658470068524,0,4.474876272237851,0,1.585016650682485,1,,,,0,0,0,0,0,0,0
2.5666666666666624,14.282047770937254,80,7.1400002061425685,,0.7010405584104471,0,4.486070559153856,0,1.5915933804414537,1,,,,0,0,0,0,0,0,0
2.583333333333329,14.401047774372955,80,7.187368984635963,,0.9359306636125007,0,4.497083645028919,0,1.5982288860872953,1,,,,0,0,0,0,0,0,0
2.5999999999999956,14.52083725745024,80,7.234853008,,1.1713974126425284,0,4.507912930437254,0,1.6049229698648553,1,,,,0,0,0,0,0,0,0
2.6166666666666623,14.641418140920393,80,7.2824453311278265,,1.407431181730597,0,4.518555846938577,0,1.611675406438065,1,,,,0,0,0,0,0,0,0
2.633333333333329,14.762792229772515,80,7.330138789548907,,1.6440222126235542,0,4.529009859599936,0,1.6184859421340285,1,,,,0,0,0,0,0,0,0
2.6499999999999955,14.884961209598316,80,7.377926000902573,,1.8811606143394692,0,4.5392724695770585,0,1.625354294184945,1,,,,0,0,0,0,0,0,0
2.666666666666662,15.00792664,80,7.425799363542646,,2.1188363650572306,0,4.549341216754091,0,1.6322801499688078,1,,,,0,0,0,0,0,0,0
2.6833333333333287,15.131689965672422,80,7.473751056686961,,2.3570393141443624,0,4.559213682440414,0,1.639263166249861,1,,,,0,0,0,0,0,0,0
2.6999999999999953,15.256252483283845,80,7.5217730406584815,,2.5957591843260435,0,4.568887492123056,0,1.6463029684198434,1,,,,0,0,0,0,0,0,0
2.716666666666662,15.381615367294842,80,7.569857057441004,,2.834985573998245,0,4.578360318273027,0,1.6533991497410978,1,,,,0,0,0,0,0,0,0
2.7333333333333285,15.507779651585508,80,7.617994631562828,,3.0747079596878044,0,4.587629883203721,0,1.6605512705926673,1,,,,0,0,0,0,0,0,0
2.749999999999995,15.634746228778226,80,7.666177071321614,,3.3149156986621677,0,4.5966939619793505,0,1.6677588577205462,1,,,,0,0,0,0,0,0,0
2.7666666666666617,15.762515846633562,80,7.714395470363521,,3.555598031691416,0,4.605550385,0,1.6750214034933026,1,,,,0,0,0,0,0,0,0
2.7833333333333283,15.89108910447294,80,7.762640709629438,,3.796744085965077,0,4.614197042858978,0,1.6823383651643256,1,,,,0,0,0,0,0,0,0
2.799999999999995,16.02046644963343,80,7.810903459680866,,4.038342878166103,0,4.622631885675474,0,1.689709164142001,1,,,,0,0,0,0,0,0,0
2.8166666666666615,16.15064817396143,80,7.859174183417666,,4.280383317704236,0,4.6308529298902625,0,1.6971331852691562,1,,,,0,0,0,0,0,0,0
2.833333333333328,16.281634410351728,80,7.907443139199439,,4.52285421,0,4.638858259530794,0,1.7046097761131533,1,,,,0,0,0,0,0,0,0
2.8499999999999948,16.413425129338407,80,7.955700384381933,,4.765744260597308,0,4.646646029736769,0,1.712138246268055,1,,,,0,0,0,0,0,0,0
2.8666666666666614,16.546020135744754,80,8.003935779279217,,5.0090420777781945,0,4.654214469944599,0,1.7197178666703108,1,,,,0,0,0,0,0,0,0
2.883333333333328,16.67941906539943,80,8.052138991561897,,5.252736177561682,0,4.661561887098218,0,1.7273478689294595,1,,,,0,0,0,0,0,0,0
2.8999999999999946,16.813621381925486,80,8.100299501100864,,5.496814987207714,0,4.668686668882352,0,1.7350274446753593,1,,,,0,0,0,0,0,0,0
2.916666666666661,16.948626373610523,80,8.148406605,,5.741266849555604,0,4.675587286974135,0,1.7427557449234987,1,,,,0,0,0,0,0,0,0
2.933333333333328,17.08443315036493,80,8.196449425,,5.986080027421867,0,4.682262300308753,0,1.750531879459954,1,,,,0,0,0,0,0,0,0
2.9499999999999944,17.221040640776323,80,8.244416909473804,,6.231242708169041,0,4.6887103583546015,0,1.758354916247588,1,,,,0,0,0,0,0,0,0
2.966666666666661,17.35844758926754,80,8.292297845947255,,0.1935577012664078,0,4.694930204393246,0,1.7662238808550974,1,,,,0,0,0,0,0,0,0
2.9833333333333276,17.496652553366687,80,8.340080864,,0.4393836719203853,0,4.700920678799246,0,1.7741377559105342,1,,,,0,0,0,0,0,0,0
2.9999999999999942,17.635653901096646,80,8.387754443774563,,0.6855233030807862,0,4.706680722314785,0,1.7820954805809293,1,,,,0,0,0,0,0,0,0
3.016666666666661,17.77544980849291,80,8.435306926,,0.9319645294144001,0,4.712209379313779,0,1.790095950079655,1,,,,0,0,0,0,0,0,0
3.0333333333333274,17.916038257256844,80,8.482726517809542,,1.1786952355515516,0,4.717505801050046,0,1.7981380152031643,1,,,,0,0,0,0,0,0,0
3.049999999999994,18.057417032553644,80,8.530001305,,1.4257032616823193,0,4.722569248883898,0,1.8062204818987324,1,,,,0,0,0,0,0,0,0
3.0666666666666607,18.199583720962323,80,8.577119257,,1.672976409321698,0,4.727399097481401,0,1.8143421108648243,1,,,,0,0,0,0,0,0,0
3.0833333333333273,18.34253570858607,80,8.624068244733545,,1.9205024472422745,0,4.731994837980368,0,1.8225016171856874,1,,,,0,0,0,0,0,0,0
3.099999999999994,18.486270179331655,80,8.670836041999664,,2.168269117572674,0,4.736356081117075,0,1.8306976700017534,1,,,,0,0,0,0,0,0,0
3.1166666666666605,18.630784113364996,80,8.717410343202216,,2.4162641420597195,0,4.740482560307526,0,1.8389288922173987,1,,,,0,0,0,0,0,0,0
3.133333333333327,18.77607428575169,80,8.763778772292829,,2.6644752284919306,0,4.744374134677016,0,1.8471938602475844,1,,,,0,0,0,0,0,0,0
3.1499999999999937,18.922137265289905,80,8.809928895206253,,2.912890077281643,0,4.748030792031661,0,1.8554911038048525,1,,,,0,0,0,0,0,0,0
3.1666666666666603,19.068969413543357,80,8.855848232323002,,3.1614963882027225,0,4.751452651765481,0,1.8638191057281113,1,,,,0,0,0,0,0,0,0
3.183333333333327,19.216566884082056,80,8.901524271372226,,3.410281867280492,0,4.754639967696603,0,1.8721763018545843,1,,,,0,0,0,0,0,0,0
3.1999999999999935,19.364925621938255,80,8.946944480761124,,3.6592342338301598,0,4.7575931308260735,0,1.8805610809362427,1,,,,0,0,0,0,0,0,0
3.216666667,19.514041363284264,80,8.992096323315451,,3.9083412276397005,0,4.760312672012828,0,1.8889717846019711,1,,,,0,0,0,0,0,0,0
3.2333333333333267,19.663909635339508,80,9.036967270413854,,4.157590616292799,0,4.7627992645583115,0,1.8974067073666427,1,,,,0,0,0,0,0,0,0
3.2499999999999933,19.814525756513092,80,9.081544816497017,,4.406970203,0,4.765053726694321,0,1.9058640966882008,1,,,,0,0,0,0,0,0,0
3.266666667,19.965884836788064,80,9.125816493930724,,4.6564678323228454,0,4.767077023967685,0,1.9143421530737543,1,,,,0,0,0,0,0,0,0
3.2833333333333266,20.117981778353567,80,9.169769888200491,,4.906071401616072,0,4.768870271515526,0,1.9228390302356408,1,,,,0,0,0,0,0,0,0
3.299999999999993,20.270811276490235,80,9.213392653411846,,5.155768865131337,0,4.770434736224643,0,1.9313528352980662,1,,,,0,0,0,0,0,0,0
3.3166666666666598,20.42436782071377,80,9.256672528073587,,5.405548243827219,0,4.771771838769563,0,1.9398816290555265,1,,,,0,0,0,0,0,0,0
3.3333333333333264,20.57864569618164,80,9.299597351131489,,5.655397633048638,0,4.772883155522564,0,1.9484234262829576,1,,,,0,0,0,0,0,0,0
3.349999999999993,20.73363898536718,80,9.342155078226211,,5.905305210679174,0,4.773770420330487,0,1.9569761960985668,1,,,,0,0,0,0,0,0,0
3.3666666666666596,20.889341570004262,80,9.384333798142833,,6.155259245386416,0,4.774435526152624,0,1.9655378623795128,1,,,,0,0,0,0,0,0,0
3.383333333333326,21.045747133306634,80,9.426121749419329,,0.12206279777348339,0,4.774880527,0,1.974106304230684,1,,,,0,0,0,0,0,0,0
3.399999999999993,21.20284916246362,80,9.467507337079699,,0.3720749575066868,0,4.775107637051693,0,1.9826793565066618,1,,,,0,0,0,0,0,0,0
3.4166666666666594,21.36064095141495,80,9.508479149,,0.6220990087177221,0,4.775119236301438,0,1.9912548103868166,1,,,,0,0,0,0,0,0,0
3.433333333333326,21.519115603905902,80,9.549025975061259,,0.8721236672640538,0,4.774917867,0,1.9998304140033372,1,,,,0,0,0,0,0,0,0
3.4499999999999926,21.678266036823572,80,9.589136819477703,,1.122137782145401,0,4.774506237419472,0,2.0084038731218508,1,,,,0,0,0,0,0,0,0
3.4666666666666592,21.838084983814895,80,9.628800922215976,,1.3721303441453288,0,4.773887221,0,2.0169728518741357,1,,,,0,0,0,0,0,0,0
3.483333333333326,21.998564999185135,80,9.668007774,,1.6220904945096464,0,4.773063857101466,0,2.0255349735422756,1,,,,0,0,0,0,0,0,0
3.4999999999999925,22.15969846207696,80,9.706747131000384,,1.8720075336527284,0,4.7720393529276315,0,2.034087821393452,1,,,,0,0,0,0,0,0,0
3.516666666666659,22.321477580926967,80,9.745009036,,2.121870929882709,0,4.770817082,0,2.042628939564409,1,,,,0,0,0,0,0,0,0
3.5333333333333257,22.483894398198174,80,9.782783831198296,,2.371670328136372,0,4.769400583351626,0,2.051155833994466,1,,,,0,0,0,0,0,0,0
3.5499999999999923,22.646940795384808,80,9.820062174,,2.621395558714444,0,4.767793564990929,0,2.059665973405804,1,,,,0,0,0,0,0,0,0
3.566666666666659,22.810608498285376,80,9.856835055257283,,2.871036646007914,0,4.7659999,0,2.0681567903295766,1,,,,0,0,0,0,0,0,0
3.5833333333333255,22.974889082539676,80,9.893093813053792,,3.120583817205928,0,4.764023626388954,0,2.076625682176262,1,,,,0,0,0,0,0,0,0
3.599999999999992,23.13977397942392,80,9.928830148459832,,3.3700275109757905,0,4.761868949079863,0,2.085070012348488,1,,,,0,0,0,0,0,0,0
3.6166666666666587,23.30525448189826,80,9.964036140077985,,3.619358386105568,0,4.759540235927739,0,2.093487111394442,1,,,,0,0,0,0,0,0,0
3.6333333333333253,23.471321750899563,80,9.998704258343286,,3.8685673300998284,0,4.757042018187171,0,2.1018742781998014,1,,,,0,0,0,0,0,0,0
3.649999999999992,23.63796682187194,80,10.032827379290467,,4.117645467719075,0,4.754378988949809,0,2.110228781,1,,,,0,0,0,0,0,0,0
3.6666666666666585,23.805180611526794,80,10.06639879778084,,4.366584169453515,0,4.751556001713263,0,2.118547859722417,1,,,,0,0,0,0,0,0,0
3.683333333333325,23.972953924823116,80,10.099412240147608,,4.615375059921896,0,4.748578069,0,2.1268287251202325,1,,,,0,0,0,0,0,0,0
3.6999999999999917,24.141277462158882,80,10.131861876219078,,4.864010026186273,0,4.745450359457384,0,2.135068562254985,1,,,,0,0,0,0,0,0,0
3.7166666666666583,24.31014182676256,80,10.16374233068068,,5.1124812259737125,0,4.742178198157696,0,2.143264530765467,1,,,,0,0,0,0,0,0,0
3.733333333333325,24.479537532273923,80,10.195048693737828,,5.360781095796144,0,4.738767062243214,0,2.1514137664558985,1,,,,0,0,0,0,0,0,0
3.7499999999999916,24.64945501050289,80,10.22577653104331,,5.608902358959753,0,4.73522258,0,2.159513382688519,1,,,,0,0,0,0,0,0,0
3.766666666666658,24.819884619353616,80,10.255921892854447,,5.856838033455564,0,4.7315505271086025,0,2.167560472,1,,,,0,0,0,0,0,0,0
3.7833333333333248,24.990816650901195,80,10.285481322387055,,6.10458144,0,4.727756826273411,0,2.175552106,1,,,,0,0,0,0,0,0,0
3.7999999999999914,25.162241339607647,80,10.314451863335206,,0.068940901,0,4.723847542304757,0,2.183485341337414,1,,,,0,0,0,0,0,0,0
3.816666666666658,25.334148870663228,80,10.342831066527829,,0.31628098002623956,0,4.719828880367606,0,2.191357214145923,1,,,,0,0,0,0,0,0,0
3.8333333333333246,25.506529388438707,80,10.370616995695345,,0.5634106423056364,0,4.715707182779345,0,2.199164747456416,1,,,,0,0,0,0,0,0,0
3.849999999999991,25.679373005033653,80,10.397808232321823,,0.8103244930039732,0,4.711488926,0,2.20690495,1,,,,0,0,0,0,0,0,0
3.866666666666658,25.85266980890566,80,10.424403879560545,,1.057017476288878,0,4.707180716940717,0,2.214574818010292,1,,,,0,0,0,0,0,0,0
3.8833333333333244,26.02640987,80,10.450403565193255,,1.3034848822798861,0,4.702789290583743,0,2.2221713369378024,1,,,,0,0,0,0,0,0,0
3.899999999999991,26.200583266318233,80,10.475807443616002,,1.5497223537245302,0,4.698321505613815,0,2.229691482606911,1,,,,0,0,0,0,0,0,0
3.9166666666666576,26.375180057045156,80,10.500616196836965,,1.795725892495185,0,4.6937843413782865,0,2.2371322227713506,1,,,,0,0,0,0,0,0,0
3.9333333333333242,26.550190326992436,80,10.524831034474381,,2.0414918659019987,0,4.689184894199917,0,2.2444905184891755,1,,,,0,0,0,0,0,0,0
3.949999999999991,26.725604177566993,80,10.548453692745221,,2.287017013,0,4.684530373713332,0,2.2517633255057063,1,,,,0,0,0,0,0,0,0
3.9666666666666575,26.901411739112746,80,10.571486432438107,,2.532298449610644,0,4.679828099140158,0,2.2589475956137033,1,,,,0,0,0,0,0,0,0
3.983333333333324,27.07760317965341,80,10.593932035866429,,2.7773336758826743,0,4.675085495512525,0,2.2660402779874778,1,,,,0,0,0,0,0,0,0
3.9999999999999907,27.254168713584534,80,10.615793802800436,,3.022120580009447,0,4.670310089854781,0,2.273038320487735,1,,,,0,0,0,0,0,0,0
4.016666666666658,27.431098610297852,80,10.637075545379616,,3.266657444480681,0,4.665509507333372,0,2.2799386709340057,1,,,,0,0,0,0,0,0,0
4.033333333333324,27.60838320272086,80,10.65778158200924,,3.5109429510388788,0,4.660691467384901,0,2.286738278341623,1,,,,0,0,0,0,0,0,0
4.049999999999991,27.786012895754368,80,10.677916730247503,,3.754976185615296,0,4.655863779832409,0,2.2934340941203097,1,,,,0,0,0,0,0,0,0
4.0666666666666575,27.96397817459183,80,10.697486298692077,,3.998756643062568,0,4.651034340999915,0,2.3000230732315448,1,,,,0,0,0,0,0,0,0
4.083333333333324,28.142269612903362,80,10.716496077877302,,4.242284231683888,0,4.646211129835191,0,2.3065021753020156,1,,,,0,0,0,0,0,0,0
4.099999999999991,28.32087788086801,80,10.734952330195428,,4.485559277559177,0,4.641402204050688,0,2.3128683656905924,1,,,,0,0,0,0,0,0,0
4.116666666666657,28.49979375303792,80,10.752861778857431,,4.728582528669196,0,4.636615696292354,0,2.3191186165064104,1,,,,0,0,0,0,0,0,0
4.133333333333324,28.67900811601885,80,10.770231595911044,,4.9713551588190485,0,4.63185981,0,2.325249907575803,1,,,,0,0,0,0,0,0,0
4.149999999999991,28.858511975950705,80,10.78706938933535,,5.213878771363061,0,4.627142817390388,0,2.3312592273559933,1,,,,0,0,0,0,0,0,0
4.166666666666657,29.038296465772987,80,10.80338318923317,,5.456155402733468,0,4.622473052306851,0,2.3371435737936275,1,,,,0,0,0,0,0,0,0
4.183333333333324,29.218352852260182,80,10.819181433143862,,5.698187525775867,0,4.617858910053258,0,2.3428999551264083,1,,,,0,0,0,0,0,0,0
4.2,29.398672542812562,80,10.834472950500741,,5.939978052894825,0,4.6133088421119695,0,2.348525390626292,1,,,,0,0,0,0,0,0,0
4.216666666666657,29.579247091987554,80,10.849266946258393,,6.181530339013489,0,4.608831353019373,0,2.3540169112828866,1,,,,0,0,0,0,0,0,0
4.233333333333324,29.760068207758536,80,10.86357298371634,,0.13966287717190173,0,4.604434996985074,0,2.3593715604259087,1,,,,0,0,0,0,0,0,0
4.25,29.941127757487152,80,10.877400966566267,,0.3807505298462359,0,4.600128374608148,0,2.364586394285754,1,,,,0,0,0,0,0,0,0
4.266666666666657,30.122417773596567,80,10.890761182695833,,0.6216126883002178,0,4.595919700042044,0,2.369658717622112,1,,,,0,0,0,0,0,0,0
4.2833333333333234,30.303930459974822,80,10.903664881681635,,0.8622544810692293,0,4.591812371,0,2.374588506842322,1,,,,0,0,0,0,0,0,0
4.3,30.48565820800286,80,10.916123856928937,,1.1026812145909282,0,4.587806717479329,0,2.3793774518309623,1,,,,0,0,0,0,0,0,0
4.316666666666657,30.667593605618322,80,10.928149957420372,,1.342898212586311,0,4.583902998356976,0,2.3840273150058775,1,,,,0,0,0,0,0,0,0
4.333333333333323,30.84972943824198,80,10.939755074254736,,1.5829108123264193,0,4.5801014494902015,0,2.3885399035151087,1,,,,0,0,0,0,0,0,0
4.35,31.032058689479584,80,10.950951134775693,,1.8227243634333257,0,4.576402284,0,2.392917067604686,1,,,,0,0,0,0,0,0,0
4.3666666666666565,31.214574541725824,80,10.96175009699428,,2.0623442267136274,0,4.572805695304496,0,2.397160699010272,1,,,,0,0,0,0,0,0,0
4.383333333333323,31.39727037667575,80,10.972163944303695,,2.3017757730246635,0,4.569311852870256,0,2.4012727293742113,1,,,,0,0,0,0,0,0,0
4.4,31.580139775747455,80,10.982204680484648,,2.5410243821736294,0,4.565920907720267,0,2.405255128689469,1,,,,0,0,0,0,0,0,0
4.416666666666656,31.763176520422178,80,10.991884324998951,,2.780095442,0,4.562632990628426,0,2.4091099037718138,1,,,,0,0,0,0,0,0,0
4.433333333333323,31.946374592505492,80,11.001214908568993,,3.0189943465894746,0,4.559448213241628,0,2.4128390967615503,1,,,,0,0,0,0,0,0,0
4.4499999999999895,32.12972817431495,80,11.01020847,,3.2577264967751915,0,4.556366668714935,0,2.4164447836559844,1,,,,0,0,0,0,0,0,0
4.466666666666656,32.31323164879893,80,11.018877047523493,,3.4962972976667954,0,4.5533884323469875,0,2.4199290728737477,1,,,,0,0,0,0,0,0,0
4.483333333333323,32.49687959959101,80,11.027232684814471,,3.7347121584668295,0,4.550513562215124,0,2.423294104,1,,,,0,0,0,0,0,0,0
4.499999999999989,32.680666811004585,80,11.03528741808579,,3.9729764914187586,0,4.547742099809688,0,2.426542045677478,1,,,,0,0,0,0,0,0,0
4.516666666666656,32.86458826797269,80,11.043053277849172,,4.211095710938477,0,4.545074070667098,0,2.429675095752255,1,,,,0,0,0,0,0,0,0
4.533333333333323,33.048639155936826,80,11.050542285183168,,4.449075232778964,0,4.542509485001191,0,2.432695478495026,1,,,,0,0,0,0,0,0,0
4.549999999999989,33.23281486068987,80,11.057766449222827,,4.686920473227992,0,4.540048338332486,0,2.4356054440786488,1,,,,0,0,0,0,0,0,0
4.566666666666656,33.41711096817693,80,11.06473776,,4.924636848,0,4.537690612114938,0,2.438407267,1,,,,0,0,0,0,0,0,0
4.583333333333322,33.60152326425873,80,11.071468210980656,,5.162229773193517,0,4.535436274,0,2.441103245915032,1,,,,0,0,0,0,0,0,0
4.599999999999989,33.78604773444175,80,11.077969748243818,,5.399704661199411,0,4.533285280256752,0,2.443695700442747,1,,,,0,0,0,0,0,0,0
4.616666666666656,33.97068056357915,80,11.084254318049986,,5.637066923417433,0,4.531237572790523,0,2.446186972099952,1,,,,0,0,0,0,0,0,0
4.633333333333322,34.155418135546654,80,11.090333841042902,,5.874321967923246,0,4.529293083355203,0,2.448579422205865,1,,,,0,0,0,0,0,0,0
4.649999999999989,34.34025703289734,80,11.096220216131648,,6.111475199200308,0,4.527451732363549,0,2.4508754310537695,1,,,,0,0,0,0,0,0,0
4.666666666666655,34.525194036499556,80,11.101925319698589,,0.06534671,0,4.525713429852542,0,2.4530773969177972,1,,,,0,0,0,0,0,0,0
4.683333333333322,34.71022612516123,80,11.107461005036305,,0.30231251144327353,0,4.5240780760845185,0,2.4551877350997326,1,,,,0,0,0,0,0,0,0
4.699999999999989,34.89535047524515,80,11.11283910200947,,0.5391926855781697,0,4.522545562143781,0,2.4572088770161007,1,,,,0,0,0,0,0,0,0
4.716666666666655,35.08056446027865,80,11.118071416937783,,0.7759926174707701,0,4.521115770528542,0,2.4591432693257533,1,,,,0,0,0,0,0,0,0
4.733333333333322,35.265865650560954,80,11.123169732696123,,1.0127176856494606,0,4.519788575738089,0,2.460993373098141,1,,,,0,0,0,0,0,0,0
4.7499999999999885,35.45125181277257,80,11.128145809028274,,1.2493732620714249,0,4.518563844855087,0,2.4627616630224156,1,,,,0,0,0,0,0,0,0
4.766666666666655,35.63672090958971,80,11.133011383070563,,1.4859647117343113,0,4.517441438122915,0,2.4644506266574973,1,,,,0,0,0,0,0,0,0
4.783333333333322,35.82227109930756,80,11.137778170082074,,1.722497392318129,0,4.516421209518024,0,2.4660627637231953,1,,,,0,0,0,0,0,0,0
4.799999999999988,36.00790073547557,80,11.14245786437813,,1.9589766538571116,0,4.515503007317256,0,2.467600585432468,1,,,,0,0,0,0,0,0,0
4.816666666666655,36.19360836654852,80,11.147062140463945,,2.195407838441287,0,4.514686674660125,0,2.4690666138648742,1,,,,0,0,0,0,0,0,0
4.8333333333333215,36.37939273555622,80,11.151602654365552,,2.431796279947487,0,4.513972050106073,0,2.4704633813812613,1,,,,0,0,0,0,0,0,0
4.849999999999988,36.56525277979563,80,11.15609105,,2.668147303799535,0,4.513358968186717,0,2.4717934300797175,1,,,,0,0,0,0,0,0,0
4.866666666666655,36.75118763,80,11.160538936669344,,2.9044662267573518,0,4.512847259953147,0,2.473059311292803,1,,,,0,0,0,0,0,0,0
4.883333333333321,36.93719661282603,80,11.164957939414942,,3.1407583567347124,0,4.512436753518329,0,2.4742635851260784,1,,,,0,0,0,0,0,0,0
4.899999999999988,37.123279245149604,80,11.169359652665406,,3.3770289926454082,0,4.512127274594702,0,2.475408820037924,1,,,,0,0,0,0,0,0,0
4.9166666666666545,37.30943523936071,80,11.173755666740892,,3.6132834242775558,0,4.511918647027059,0,2.4764975924606647,1,,,,0,0,0,0,0,0,0
4.933333333333321,37.49566450047308,80,11.178157565473489,,3.849526932195806,0,4.511810693320835,0,2.477532486462993,1,,,,0,0,0,0,0,0,0
4.949999999999988,37.68196713,80,11.182576928855259,,4.085764787671216,0,4.511803235165931,0,2.478516093453707,1,,,,0,0,0,0,0,0,0
4.966666666666654,37.868343408711894,80,11.187025335868155,,4.322002252638549,0,4.511896093956215,0,2.4794510119267645,1,,,,0,0,0,0,0,0,0
4.983333333333321,38.05479383097634,80,11.191514367495067,,4.558244579680771,0,4.512089091304877,0,2.480339847247681,1,,,,0,0,0,0,0,0,0
4.999999999999988,38.24131907,80,11.196055609911504,,4.794497012040539,0,4.512382049555785,0,2.4811852114813027,1,,,,0,0,0,0,0,0,0
5.016666666666654,38.427919997266486,80,11.200660657857702,,5.030764783658454,0,4.512774792291077,0,2.481989723,1,,,,0,0,0,0,0,0,0
5.033333333333321,38.614597674897425,80,11.205341118191265,,5.267053119237902,0,4.513267144835149,0,2.482756007699285,1,,,,0,0,0,0,0,0,0
5.049999999999987,38.80135336020061,80,11.210108613620807,,5.503367234336274,0,4.513858934755296,0,2.4834866963401296,1,,,,0,0,0,0,0,0,0
5.066666666666654,38.988188503760966,80,11.21497478662129,,5.739712335482405,0,4.514549992359214,0,2.484184427152742,1,,,,0,0,0,0,0,0,0
5.083333333333321,39.17510475020464,80,11.219951303532197,,5.976093620320064,0,4.5153401511896245,0,2.4848518445672707,1,,,,0,0,0,0,0,0,0
5.099999999999987,39.36210393859682,80,11.225049858839954,,6.212516277777337,0,4.516229248516282,0,2.485491599552375,1,,,,0,0,0,0,0,0,0
5.116666666666654,39.54918810291082,80,11.23028218,,0.16580018108218564,0,4.517217125825627,0,2.4861063497349165,1,,,,0,0,0,0,0,0,0
5.133333333,39.736359472571564,80,11.235660030325466,,0.4023211167015821,0,4.518303629308388,0,2.486698759561959,1,,,,0,0,0,0,0,0,0
5.149999999999987,39.923620473076994,80,11.241195217370622,,0.6388989415103044,0,4.519488610345425,0,2.487271500505332,1,,,,0,0,0,0,0,0,0
5.166666666666654,40.110973726699854,80,11.246898912083566,,0.8755388117810365,0,4.52077186,0,2.487827137,1,,,,0,0,0,0,0,0,0
5.183333333,40.29842204190123,80,11.252771794352581,,1.1122458728528033,0,4.522152158404501,0,2.4883664680409088,1,,,,0,0,0,0,0,0,0
5.199999999999987,40.48596823847379,80,11.258806257290923,,1.3490252061737835,0,4.523627486866568,0,2.488888903867212,1,,,,0,0,0,0,0,0,0
5.2166666666666535,40.67361500942866,80,11.264994433503182,,1.585881787512398,0,4.525195803431465,0,2.489393812519872,1,,,,0,0,0,0,0,0,0
5.233333333,40.86136491665371,80,11.271328415350984,,1.8228204857143255,0,4.526855063088964,0,2.489880559078433,1,,,,0,0,0,0,0,0,0
5.249999999999987,41.04922039024291,80,11.277800253013524,,2.059846063,0,4.528603217262405,0,2.490348505257453,1,,,,0,0,0,0,0,0,0
5.266666666666653,41.23718372779314,80,11.28440195264744,,2.296963172521671,0,4.5304382131983125,0,2.4907970093871104,1,,,,0,0,0,0,0,0,0
5.283333333,41.42525709367061,80,11.291125474647416,,2.534176362657109,0,4.532357993375865,0,2.4912254264004803,1,,,,0,0,0,0,0,0,0
5.2999999999999865,41.613442518248064,80,11.297962732009047,,2.7714900722475857,0,4.5343604949363865,0,2.491633107827601,1,,,,0,0,0,0,0,0,0
5.316666666666653,41.80174189711488,80,11.304905588795576,,3.0089086325745846,0,4.536443649133008,0,2.492019401796413,1,,,,0,0,0,0,0,0,0
5.333333333,41.99015699026148,80,11.31194586,,3.2464362666002566,0,4.538605380800694,0,2.4923836530406978,1,,,,0,0,0,0,0,0,0
5.349999999999986,42.178689421239994,80,11.319075303775806,,3.484077088631366,0,4.540843607846835,0,2.4927252029151155,1,,,,0,0,0,0,0,0,0
5.366666666666653,42.367340676302945,80,11.326285633123936,,3.7218351039565625,0,4.543156240762637,0,2.493043389417452,1,,,,0,0,0,0,0,0,0
5.3833333333333195,42.556112103521684,80,11.333568501895034,,3.959714208458071,0,4.545541182155557,0,2.4933375472181956,1,,,,0,0,0,0,0,0,0
5.399999999999986,42.74500491188661,80,11.340915510252005,,4.197718188198901,0,4.547996326303053,0,2.4936070076975496,1,,,,0,0,0,0,0,0,0
5.416666666666653,42.934020170390795,80,11.348318202509132,,4.435850718986685,0,4.550519559,0,2.4938510989899987,1,,,,0,0,0,0,0,0,0
5.433333333333319,43.12315880709929,80,11.355768066378628,,4.6741153659152905,0,4.553108755795588,0,2.4940691460365474,1,,,,0,0,0,0,0,0,0
5.449999999999986,43.312421608205625,80,11.363256532336958,,4.912515582885337,0,4.555761784333489,0,2.4942604706447375,1,,,,0,0,0,0,0,0,0
5.466666666666653,43.50180921707789,80,11.370774973113289,,5.1510547121047905,0,4.558476501273184,0,2.494424391556571,1,,,,0,0,0,0,0,0,0
5.483333333333319,43.69132213329647,80,11.37831470330232,,5.389735983570816,0,4.561250753,0,2.494560224524442,1,,,,0,0,0,0,0,0,0
5.499999999999986,43.88096071168485,80,11.385866979103904,,5.628562514534083,0,4.564082376617384,0,2.494667282395197,1,,,,0,0,0,0,0,0,0
5.516666666666652,44.070725161336554,80,11.393422998191804,,5.867537308946747,0,4.566969196506431,0,2.4947448752024357,1,,,,0,0,0,0,0,0,0
5.533333333333319,44.260615544639734,80,11.40097389971401,,6.106663256895338,0,4.569909027214024,0,2.4947923102671568,1,,,,0,0,0,0,0,0,0
5.549999999999986,44.450631776301634,80,11.408510764427016,,0.062757827,0,4.572899671636956,0,2.494808892306864,1,,,,0,0,0,0,0,0,0
5.566666666666652,44.640773622375434,80,11.416024614966478,,0.30219429374053663,0,4.575938921,0,2.494793923553228,1,,,,0,0,0,0,0,0,0
5.583333333333319,44.83104069929152,80,11.423506416256657,,0.5417898953717571,0,4.5790245552774165,0,2.4947467038784144,1,,,,0,0,0,0,0,0,0
5.599999999999985,45.02143247289581,80,11.430947076061072,,0.7815470604295371,0,4.5821543418065165,0,2.4946665309301683,1,,,,0,0,0,0,0,0,0
5.616666666666652,45.21194825749683,80,11.438337445676673,,1.0214681007267692,0,4.585326036372079,0,2.4945527002757504,1,,,,0,0,0,0,0,0,0
5.633333333333319,45.40258721492478,80,11.445668320773942,,1.2615552105631114,0,4.588537382483657,0,2.4944045055548174,1,,,,0,0,0,0,0,0,0
5.649999999999985,45.59334835360437,80,11.452930442385174,,1.501810466088658,0,4.591786111413245,0,2.4942212386413245,1,,,,0,0,0,0,0,0,0
5.666666666666652,45.78423052764413,80,11.460114498043179,,1.7422358246631828,0,4.595069942138038,0,2.494002189814527,1,,,,0,0,0,0,0,0,0
5.6833333333333185,45.97523243594486,80,11.467211123072612,,1.9828331242123851,0,4.5983865813109635,0,2.4937466479391563,1,,,,0,0,0,0,0,0,0
5.699999999999985,46.166352621329395,80,11.474210902035997,,2.223604082582592,0,4.601733723259383,0,2.493453900654833,1,,,,0,0,0,0,0,0,0
5.716666666666652,46.35758946969668,80,11.481104370336512,,2.464550296895393,0,4.60510905,0,2.4931232345747705,1,,,,0,0,0,0,0,0,0
5.733333333333318,46.54894120920227,80,11.487882015979377,,2.705673242903708,0,4.608510231357274,0,2.4927539354938197,1,,,,0,0,0,0,0,0,0
5.749999999999985,46.74040590946856,80,11.494534281493758,,2.946974274350798,0,4.611934924924976,0,2.492345288605897,1,,,,0,0,0,0,0,0,0
5.7666666666666515,46.93198148082678,80,11.501051566016791,,3.188454622333773,0,4.6153807763059405,0,2.4918965787308247,1,,,,0,0,0,0,0,0,0
5.783333333333318,47.123665673593734,80,11.50742422754136,,3.4301153946731446,0,4.618845419195711,0,2.4914070905506014,1,,,,0,0,0,0,0,0,0
5.799999999999985,47.31545608,80,11.513642585328979,,3.6719575752900133,0,4.622326475571274,0,2.4908761088551206,1,,,,0,0,0,0,0,0,0
5.816666666666651,47.50735012047494,80,11.51969692248912,,3.913982023592485,0,4.625821555898285,0,2.490302918797333,1,,,,0,0,0,0,0,0,0
5.833333333333318,47.699345069183096,80,11.525577488725999,,4.156189473872941,0,4.6293282593695455,0,2.4896868061578403,1,,,,0,0,0,0,0,0,0
5.8499999999999845,47.89143802732855,80,11.531274503253815,,4.398580534717791,0,4.632844174175056,0,2.4890270576189026,1,,,,0,0,0,0,0,0,0
5.866666666666651,48.08362594,80,11.53677815788111,,4.641155688431368,0,4.636366878,0,2.4883229610478144,1,,,,0,0,0,0,0,0,0
5.883333333333318,48.27590557168077,80,11.54207862,,4.883915290475634,0,4.639893937378505,0,2.4875738057896126,1,,,,0,0,0,0,0,0,0
5.899999999999984,48.468273548685204,80,11.547166037334147,,5.126859569,0,4.643422910020705,0,2.486778882969042,1,,,,0,0,0,0,0,0,0
5.916666666666651,48.66072632,80,11.55203054,,5.369988623954563,0,4.646951343251215,0,2.4859374858017094,1,,,,0,0,0,0,0,0,0
5.933333333333318,48.85326015828883,80,11.556662241342678,,5.613302427313683,0,4.650476775421326,0,2.485048909914331,1,,,,0,0,0,0,0,0,0
5.949999999999984,49.045871195644565,80,11.56105125169728,,5.856800821869577,0,4.653996736177805,0,2.484112453673967,1,,,,0,0,0,0,0,0,0
5.966666666666651,49.238555383172866,80,11.565187671603802,,6.100483521139695,0,4.657508746960877,0,2.483127418526123,1,,,,0,0,0,0,0,0,0
5.983333333333317,49.43130851103291,80,11.569061601652969,,0.061164802,0,4.661010321535393,0,2.4820931093415775,1,,,,0,0,0,0,0,0,0
5.999999999999984,49.624126204393804,80,11.572663145807454,,0.3052147314255135,0,4.664498966555276,0,2.481008834771775,1,,,,0,0,0,0,0,0,0
6.016666666666651,49.817003923490574,80,11.57598241600323,,0.5494473261923007,0,4.6679721821612405,0,2.4798739076126255,1,,,,0,0,0,0,0,0,0
6.033333333333317,50.00993696,80,11.579009537286591,,0.7938617781029552,0,4.6714274626419705,0,2.478687645240235,1,,,,0,0,0,0,0,0,0
6.049999999999984,50.20292045604543,80,11.581737826513669,,1.0384571480765157,0,4.674862553879943,0,2.4774499128110845,1,,,,0,0,0,0,0,0,0
6.066666667,50.39594941982068,80,11.584171527323047,,1.283232379006703,0,4.678276079420659,0,2.4761624433155704,1,,,,0,0,0,0,0,0,0
6.083333333333317,50.58901894527605,80,11.586317292388749,,1.5281863417162498,0,4.681666853258568,0,2.4748273757079398,1,,,,0,0,0,0,0,0,0
6.099999999999984,50.782124233482534,80,11.588181854873689,,1.7733178449287825,0,4.685033692331399,0,2.473446855641949,1,,,,0,0,0,0,0,0,0
6.116666667,50.975260597730426,80,11.589772025980622,,2.018625635422932,0,4.688375416744448,0,2.472023034799637,1,,,,0,0,0,0,0,0,0
6.133333333333317,51.168423464830084,80,11.591094692480999,,2.264108398198188,0,4.691690849983779,0,2.4705580702362506,1,,,,0,0,0,0,0,0,0
6.1499999999999835,51.36160837637141,80,11.592156814224369,,2.509764756651913,0,4.694978819118204,0,2.469054123741834,1,,,,0,0,0,0,0,0,0
6.166666667,51.554810989941814,80,11.592965421630918,,2.7555932727669368,0,4.6982381549898635,0,2.4675133612199636,1,,,,0,0,0,0,0,0,0
6.183333333333317,51.748027080302336,80,11.593527613169746,,3.001592447309127,0,4.701467692393268,0,2.465937952084085,1,,,,0,0,0,0,0,0,0
6.199999999999983,51.941252540521816,80,11.593850552825506,,3.247760720034335,0,4.7046662702426785,0,2.4643300686718987,1,,,,0,0,0,0,0,0,0
6.216666667,52.134483383068925,80,11.593941467556043,,3.494096469904103,0,4.707832731727691,0,2.4626918856782054,1,,,,0,0,0,0,0,0,0
6.2333333333333165,52.32771574086155,80,11.59380764474366,,3.740598015309524,0,4.710965924456928,0,2.4610255796066225,1,,,,0,0,0,0,0,0,0
6.249999999999983,52.52094586827394,80,11.593456429642542,,3.987263614,0,4.714064700589729,0,2.459333328240531,1,,,,0,0,0,0,0,0,0
6.266666667,52.714170142101295,80,11.592895222825055,,4.234091464834615,0,4.717127917,0,2.457617310133627,1,,,,0,0,0,0,0,0,0
6.283333333333316,52.907385062481694,80,11.592131477629357,,4.481079705000473,0,4.720154435162462,0,2.4558797041203952,1,,,,0,0,0,0,0,0,0
6.299999999999983,53.10058725377553,80,11.591172697610954,,4.728226413289068,0,4.7231431216902715,0,2.4541226888468333,1,,,,0,0,0,0,0,0,0
6.3166666666666496,53.29377346540235,80,11.590026434000643,,4.975529608838324,0,4.726092847975569,0,2.452348442321706,1,,,,0,0,0,0,0,0,0
6.333333333333316,53.48694057263572,80,11.588700283171342,,5.222987251694712,0,4.7290024904812915,0,2.450559141488612,1,,,,0,0,0,0,0,0,0
6.349999999999983,53.680085577355214,80,11.587201884116231,,5.470597243076443,0,4.731870930755195,0,2.4487569618191047,1,,,,0,0,0,0,0,0,0
6.366666666666649,53.87320560875713,80,11.585538915940548,,5.718357425639703,0,4.734697055475734,0,2.446944076927104,1,,,,0,0,0,0,0,0,0
6.383333333333316,54.06629792402282,80,11.58371909536939,,5.966265583747299,0,4.737479756485533,0,2.445122658204811,1,,,,0,0,0,0,0,0,0
6.399999999999983,54.25935990894567,80,11.581750174273747,,6.214319443739054,0,4.740217930812469,0,2.443294874480306,1,,,,0,0,0,0,0,0,0
6.416666666666649,54.45238907851689,80,11.57963993721701,,0.17933136702371932,0,4.742910480678343,0,2.441462891697012,1,,,,0,0,0,0,0,0,0
6.433333333333316,54.64538307747051,80,11.577396199024031,,0.4276695790692713,0,4.745556313495165,0,2.4396288726151742,1,,,,0,0,0,0,0,0,0
6.449999999999982,54.838339680787556,80,11.575026802374818,,0.6761463265971558,0,4.748154341849081,0,2.4377949765354803,1,,,,0,0,0,0,0,0,0
6.466666666666649,55.03125679416047,80,11.572539615424866,,0.9247591065715484,0,4.750703483471953,0,2.4359633590449463,1,,,,0,0,0,0,0,0,0
6.483333333333316,55.22413245441754,80,11.569942529453975,,1.173505359289197,0,4.753202661,0,2.434136171785163,1,,,,0,0,0,0,0,0,0
6.499999999999982,55.416964829908466,80,11.56724345654542,,1.4223824686467201,0,4.7556508029240225,0,2.4323155622429793,1,,,,0,0,0,0,0,0,0
6.516666666666649,55.60975222085091,80,11.56445032729717,,1.6713877624051285,0,4.758046841517821,0,2.4305036735636887,1,,,,0,0,0,0,0,0,0
6.5333333333333155,55.802493059639175,80,11.561571088566827,,1.920518512450937,0,4.760389714767265,0,2.428702644386768,1,,,,0,0,0,0,0,0,0
6.549999999999982,55.99518591,80,11.558613701251797,,2.1697719350532245,0,4.762678365277676,0,2.4269146087041933,1,,,,0,0,0,0,0,0,0
6.566666666666649,56.18782947280283,80,11.55558613810618,,2.4191451911160144,0,4.764911740373041,0,2.425141695741358,1,,,,0,0,0,0,0,0,0
6.583333333333315,56.38042258,80,11.55249638159569,,2.668635386425343,0,4.767088791982637,0,2.423386029860584,1,,,,0,0,0,0,0,0,0
6.599999999999982,56.572964181464556,80,11.549352421791914,,2.9182395718903913,0,4.769208477,0,2.421649730487228,1,,,,0,0,0,0,0,0,0
6.6166666666666485,56.76545338849439,80,11.546162254306976,,3.1679547437780617,0,4.771269754724966,0,2.4199349120583395,1,,,,0,0,0,0,0,0,0
6.633333333333315,56.957889426066174,80,11.542933878269727,,3.4177778439403808,0,4.7732715915568935,0,2.4182436839938495,1,,,,0,0,0,0,0,0,0
6.649999999999982,57.150271657370695,80,11.539675294344338,,3.667705760034114,0,4.775212955992483,0,2.416578150690229,1,,,,0,0,0,0,0,0,0
6.666666666666648,57.34259957894312,80,11.536394502792133,,3.917735325731994,0,4.777092820874966,0,2.414940411536559,1,,,,0,0,0,0,0,0,0
6.683333333333315,57.53487282065635,80,11.533099501577388,,4.167863320924949,0,4.778910162726752,0,2.413332560952941,1,,,,0,0,0,0,0,0,0
6.6999999999999815,57.727091145682664,80,11.529798284517675,,4.418086471914749,0,4.780663961554988,0,2.4117566884511628,1,,,,0,0,0,0,0,0,0
6.716666666666648,57.91925445,80,11.526498839479219,,4.668401451596459,0,4.782353201,0,2.4102148787175297,1,,,,0,0,0,0,0,0,0
6.733333333333315,58.11136276,80,11.523209146617683,,4.918804879630141,0,4.783976866348241,0,2.4087092117177624,1,,,,0,0,0,0,0,0,0
6.749999999999981,58.30341625019287,80,11.51993717666458,,5.1692933226011935,0,4.785533947845333,0,2.4072417628238507,1,,,,0,0,0,0,0,0,0
6.766666666666648,58.49541520313727,80,11.516690889259458,,5.419863294168785,0,4.787023436916847,0,2.4058146029627445,1,,,,0,0,0,0,0,0,0
6.783333333333315,58.68736005129159,80,11.513478231327868,,5.670511255201787,0,4.788444327689402,0,2.4044297987867678,1,,,,0,0,0,0,0,0,0
6.799999999999981,58.87925135514706,80,11.510307135505036,,5.921233613901666,0,4.789795616376713,0,2.403089413,1,,,,0,0,0,0,0,0,0
6.816666666666648,59.071089807405485,80,11.507185518604933,,6.172026725911761,0,4.791076301,0,2.4017955038998315,1,,,,0,0,0,0,0,0,0
6.833333333333314,59.26287623271554,80,11.504121280134497,,0.13970158723281845,0,4.792285381153202,0,2.400550127,1,,,,0,0,0,0,0,0,0
6.849999999999981,59.45461158738448,80,11.501122300852407,,0.3906250630217628,0,4.793421857619893,0,2.399355333720435,1,,,,0,0,0,0,0,0,0
6.866666666666648,59.64629695906535,80,11.498196441371933,,0.6416080445793527,0,4.794484732164044,0,2.398213172780737,1,,,,0,0,0,0,0,0,0
6.883333333333314,59.837933566421555,80,11.495351540807048,,0.8926466781179359,0,4.795473007172713,0,2.397125689919045,1,,,,0,0,0,0,0,0,0
6.899999999999981,60.02952275876834,80,11.49259541209664,,1.1437370576149684,0,4.796385686185451,0,2.396094927311123,1,,,,0,0,0,0,0,0,0
6.916666666666647,60.22106601563661,80,11.489934444347009,,1.3948752248733591,0,4.797222122641731,0,2.395122458498907,1,,,,0,0,0,0,0,0,0
6.933333333333314,60.412564923042396,80,11.487371444079267,,1.6460571878421875,0,4.7979825577835085,0,2.3942086711932546,1,,,,0,0,0,0,0,0,0
6.949999999999981,60.60402111377704,80,11.48490863401276,,1.8972789671019314,0,4.798667369243273,0,2.3933537689285336,1,,,,0,0,0,0,0,0,0
6.966666666666647,60.79543625767724,80,11.48254820978122,,2.1485366030058604,0,4.799276931751392,0,2.392557956765148,1,,,,0,0,0,0,0,0,0
6.983333333333314,60.986812061173566,80,11.480292340292001,,2.3998261555280793,0,4.799811617091616,0,2.3918214413690544,1,,,,0,0,0,0,0,0,0
6.9999999999999805,61.17815026684508,80,11.47814316808684,,2.6511437041092454,0,4.800271794058527,0,2.391144431091123,1,,,,0,0,0,0,0,0,0
7.016666666666647,61.369452652979874,80,11.476102809703939,,2.902485347500055,0,4.800657828416901,0,2.390527136046349,1,,,,0,0,0,0,0,0,0
7.033333333333314,61.56072103314159,80,11.474173356041081,,3.1538472036026026,0,4.8009700828629285,0,2.389969768192925,1,,,,0,0,0,0,0,0,0
7.05,61.75195726,80,11.47235687,,3.405225409309712,0,4.801208916987283,0,2.389472541411175,1,,,,0,0,0,0,0,0,0
7.066666666666647,61.94316320362094,80,11.47065540044889,,3.6566161203423295,0,4.801374687239975,0,2.3890356715823584,1,,,,0,0,0,0,0,0,0
7.0833333333333135,62.13434079362844,80,11.469070955391304,,3.908015511085081,0,4.801467746896973,0,2.388659376667349,1,,,,0,0,0,0,0,0,0
7.1,62.32549198,80,11.467605529527203,,4.159419774420079,0,4.801488446028561,0,2.388343876785201,1,,,,0,0,0,0,0,0,0
7.116666666666647,62.51661873504378,80,11.466261091019916,,4.410825121559072,0,4.801437131469378,0,2.388089394291603,1,,,,0,0,0,0,0,0,0
7.133333333333313,62.707723086560804,80,11.465039584580456,,4.662227781874029,0,4.801314146790126,0,2.387896153857231,1,,,,0,0,0,0,0,0,0
7.15,62.89880707963715,80,11.463942931831742,,4.913624002726239,0,4.801119832270907,0,2.3877643825460093,1,,,,0,0,0,0,0,0,0
7.1666666666666465,63.08987279516771,80,11.46297303167221,,5.165010049294015,0,4.800854524876144,0,2.3876943098932872,1,,,,0,0,0,0,0,0,0
7.183333333333313,63.28092234569556,80,11.46213176063853,,5.416382204399085,0,4.800518558231077,0,2.387686167983936,1,,,,0,0,0,0,0,0,0
7.2,63.47195787503955,80,11.461420973267353,,5.667736768331755,0,4.800112262599783,0,2.3877401915303844,1,,,,0,0,0,0,0,0,0
7.216666666666646,63.66298155792737,80,11.460842502455845,,5.919070058674918,0,4.799635964864697,0,2.3878566179505927,1,,,,0,0,0,0,0,0,0
7.233333333333313,63.85399559963497,80,11.460398159820862,,6.17037841,0,4.799089989,0,2.388035687445979,1,,,,0,0,0,0,0,0,0
7.25,64.04500223563201,80,11.460089736056636,,0.13847286714426676,0,4.7984746535920495,0,2.3882776430793116,1,,,,0,0,0,0,0,0,0
7.266666666666646,64.23600373123298,80,11.459919001290759,,0.3897204124802936,0,4.797790276747215,0,2.3885827308525673,1,,,,0,0,0,0,0,0,0
7.283333333333313,64.42700238125451,80,11.459887705438373,,0.6409321239285202,0,4.797037171,0,2.388951199784777,1,,,,0,0,0,0,0,0,0
7.299999999999979,64.61800051,80,11.459997578554386,,0.8921044028600492,0,4.796215646527102,0,2.3893833019898656,1,,,,0,0,0,0,0,0,0
7.316666666666646,64.78926649810751,80.08891598958331,10.256245940042865,5.3349593749999995,1.1172871814499765,0.20426897233028635,4.7954210712740855,-0.503790683,2.3898250807827117,1,,3.1088718954415415,5.6066188902172645,1,0,0,0,0,0,0
7.333333333333313,64.96020393044154,80.17783197916663,10.237570087364366,5.3349593749999995,1.3419964231273065,0.4085379446605727,4.794573646507099,-0.511640322,2.390317409107734,1,-0.293238978,3.1039845791439826,5.589952223550601,1,0,0,0,0,0,0
7.349999999999979,65.13083009856427,80.26674796874994,10.219888351716595,5.3349593749999995,1.5662502875898798,0.612806917,4.793673818171028,-0.519108439,2.390860226696992,1,-0.329499289,3.0984929243248223,5.573285556883938,1,0,0,0,0,0,0
7.366666666666646,65.30116157,80.35566395833325,10.20315955859374,5.3349593749999995,1.7900660074700327,0.8170758893211454,4.792722011479373,-0.526212292,2.3914534900485287,1,-0.36458775,3.0924164618323084,5.556618890217275,1,0,0,0,0,0,0
7.383333333333312,65.47121423040278,80.44457994791657,10.187344656656725,5.3349593749999995,2.0134599339814514,1.0213448616514318,4.791718632153062,-0.532968286,2.3920971715743917,1,-0.398530678,3.085774284,5.539952223550613,1,0,0,0,0,0,0
7.399999999999979,65.64100330801375,80.53349593749988,10.172406619193234,5.3349593749999995,2.2364475806460153,1.2256138339817182,4.790664067573533,-0.53939201,2.3927912588062883,1,-0.431355726,3.0785850217514517,5.523285557,1,0,0,0,0,0,0
7.416666666666646,65.81054341833362,80.62241192708319,10.158310346405749,5.3349593749999995,2.459043665076496,1.4298828063120046,4.789558687856098,-0.545498272,2.3935357536553665,1,-0.46309149,3.070866830251148,5.506618890217287,1,0,0,0,0,0,0
7.433333333333312,65.97984859077371,80.71132792,10.145022569345263,5.3349593749999995,2.6812621488155703,1.634151778642291,4.788402846849226,-0.551301143,2.3943306717227104,1,-0.493767181,3.0626373772409474,5.489952223550624,1,0,0,0,0,0,0
7.449999999999979,66.1489323,80.80024390624982,10.132511756116141,5.3349593749999995,2.903116275251013,1.8384207509725774,4.787196883065099,-0.556813988,2.3951760416572685,1,-0.523412345,3.053913838159786,5.473285556883961,1,0,0,0,0,0,0
7.4666666666666455,66.31780749619804,80.88915989583313,10.120748020819264,5.3349593749999995,3.1246186056420138,2.0426897233028636,4.785941120546449,-0.562049508,2.396071904558074,1,-0.552056628,3.0447128943657447,5.456618890217298,1,0,0,0,0,0,0
7.483333333333312,66.48648662987836,80.97807588541644,10.109703035571076,5.3349593749999995,3.3457810533030847,2.246958696,4.784635869674371,-0.567019768,2.397018313417764,1,-0.579729573,3.035050734808419,5.439952223550636,1,0,0,0,0,0,0
7.499999999999979,66.65498168047122,81.06699187499976,10.099349945830681,5.3349593749999995,3.566614916000606,2.4512276679634364,4.783281427921528,-0.571736235,2.398015332604557,1,-0.606460461,3.024943060454376,5.423285556883973,1,0,0,0,0,0,0
7.516666666666645,66.82330417956842,81.15590786458307,10.089663289181672,5.3349593749999995,3.7871309066232444,2.655496640293723,4.781878080554794,-0.576209813,2.3990630373800155,1,-0.632278168,3.0144050909806057,5.40661889,1,0,0,0,0,0,0
7.533333333333312,66.99146523,81.24482385416638,10.080618917646788,5.3349593749999995,4.0073391821916955,2.859765612624009,4.780426101291188,-0.580450866,2.400161513450063,1,-0.65721106,3.003451573314672,5.3899522235506465,1,0,0,0,0,0,0
7.5499999999999785,67.15947554968221,81.33373984,10.072193923558803,5.3349593749999995,4.227249371275841,3.0640345849542956,4.778925752910613,-0.584469256,2.4013108565468837,1,-0.681286899,2.992096791656576,5.3732855568839835,1,0,0,0,0,0,0
7.566666666666645,67.32734544840821,81.42265583333301,10.06436656896791,5.3349593749999995,4.446870599888774,3.268303557284582,4.777377287828682,-0.588274367,2.402511172039479,1,-0.704532779,2.980354578667399,5.356618890217321,1,0,0,0,0,0,0
7.583333333333312,67.49508489122434,81.51157182291632,10.057116218532288,5.3349593749999995,4.666211515927497,3.4725725296148684,4.775780948632691,-0.591875132,2.4037625745707984,1,-0.726975067,2.968238327553583,5.339952223550658,1,0,0,0,0,0,0
7.599999999999978,67.66270349486655,81.60048781249964,10.050423275812888,5.3349593749999995,4.885280312229625,3.676841501945155,4.7741369685835435,-0.59528006,2.405065187719494,1,-0.748639364,2.9557610048144753,5.323285556883995,1,0,0,0,0,0,0
7.616666666666645,67.83021055,81.68940380208295,10.044269122874125,5.3349593749999995,5.104084748314375,3.881110474275441,4.772445572086242,-0.59849726,2.4064191436844835,1,-0.769550482,2.942935163454869,5.306618890217332,1,0,0,0,0,0,0
7.6333333333333115,67.99761503484461,81.77831979166626,10.038636063078346,5.3349593749999995,5.3226321708745346,4.085379446605727,4.770706975131364,-0.601534464,2.4078245829906133,1,-0.789732418,2.9297729564936694,5.289952223550669,1,0,0,0,0,0,0
7.649999999999978,68.16492563589594,81.86723578124958,10.033507266952023,5.3349593749999995,5.540929533084215,4.289648418936014,4.768921385709748,-0.604399048,2.409281654213852,1,-0.809208352,2.9162861506262043,5.273285556884007,1,0,0,0,0,0,0
7.666666666666645,68.33215075701179,81.95615177083289,10.028866720995692,5.3349593749999995,5.758983412785007,4.493917391,4.767089004202471,-0.607098054,2.4107905137245234,1,-0.828000642,2.902486139919985,5.256618890217344,1,0,0,0,0,0,0
7.683333333333311,68.49929853569506,82.04506776,10.024699179306003,5.3349593749999995,5.976800029610798,4.698186363596586,4.765210023747997,-0.609638207,2.4123513254472173,1,-0.846130829,2.8883839594434964,5.239952223550681,1,0,0,0,0,0,0
7.699999999999978,68.66637685535017,82.13398374999952,10.020990117877068,5.3349593749999995,6.194385261109067,4.902455335926873,4.763284631,-0.612025939,2.4139642606360816,1,-0.863619642,2.873990298744964,5.223285556884018,1,0,0,0,0,0,0
7.716666666666645,68.83339335731478,82.22289973958283,10.01772569,5.3349593749999995,0.12855935073432434,5.106724308257159,4.761313004395554,-0.614267399,2.4156294976643182,1,-0.880487018,2.8593155151123324,5.206618890217355,1,0,0,0,0,0,0
7.733333333333311,69.00035545217224,82.31181572916614,10.014892692773195,5.3349593749999995,0.34569815084394334,5.310993280587446,4.759295318580927,-0.616368476,2.417347221826753,1,-0.896752113,2.8443696465589285,5.1899522235506925,1,0,0,0,0,0,0
7.749999999999978,69.16727033038512,82.40073171874946,10.012478514167105,5.3349593749999995,0.5626212930527712,5.515262252917732,4.757231740586854,-0.61833481,2.4191176251544606,1,-0.912433324,2.8291624244899887,5.1732855568840295,1,0,0,0,0,0,0
7.766666666666644,69.33414497,82.48964770833277,10.010471111234784,5.3349593749999995,0.7793334295859187,5.719531225248018,4.7551224321640895,-0.620171808,2.420940906240463,1,-0.927548309,2.8137032860148623,5.156618890217366,1,0,0,0,0,0,0
7.783333333333311,69.50098615747515,82.57856369791608,10.008858968634076,5.3349593749999995,0.9958389379811764,5.923800197578305,4.75296755,-0.62188466,2.422817270075612,1,-0.942114008,2.7980013858776065,5.139952223550703,1,0,0,0,0,0,0
7.799999999999978,69.66780047361908,82.66747969,10.007631067775808,5.3349593749999995,1.2121419322614386,6.128069169908591,4.750767244142252,-0.62347835,2.4247469278938105,1,-0.956146674,2.7820656079857886,5.123285557,1,0,0,0,0,0,0
7.816666666666644,69.83459432474865,82.75639567708271,10.006776856345535,5.3349593749999995,1.428246273438127,0.049152835059291355,4.748521661889778,-0.624957666,2.4267300970257892,1,-0.969661888,2.7659045765230608,5.106618890217378,1,0,0,0,0,0,0
7.833333333333311,70.00137393902105,82.84531166666602,10.00628621954256,5.3349593749999995,1.6441555793839968,0.2534218073895777,4.7462309443672455,-0.626327217,2.4287670007604394,1,-0.982674593,2.749526666636557,5.089952223550715,1,0,0,0,0,0,0
7.849999999999977,70.16814538,82.93422765624933,10.00614806046004,5.3349593749999995,1.8598732341116102,0.45769077971986405,4.7438954053981535,-0.62759144,2.4308574255041204,1,-0.995150235,2.7329408293809205,5.073285556884052,1,0,0,0,0,0,0
7.866666666666644,70.33491451,83.02314364583265,10.006346245931573,5.3349593749999995,2.0754024057505287,0.6619597520501503,4.741516044875477,-0.628754611,2.432999435523228,1,-1.006914342,2.716158923687678,5.056618890217389,1,0,0,0,0,0,0
7.883333333333311,70.50168695,83.11205963541596,10.006863707085635,5.3349593749999995,2.2907460908367385,0.8662287243804367,4.739094028674791,-0.629820862,2.435190677565303,1,-1.017939781,2.699193261,5.039952223550726,1,0,0,0,0,0,0
7.899999999999977,70.66846800957137,83.20097562499927,10.00768374,5.3349593749999995,2.5059071307043688,1.0704976967107231,4.736630521327462,-0.630794183,2.437428800847279,1,-1.028246086,2.6820558258951768,5.023285556884063,1,0,0,0,0,0,0
7.916666666666644,70.83526273863026,83.28989161458259,10.008790002673813,5.3349593749999995,2.7208882186798493,1.2747666690410095,4.734126686683063,-0.631678433,2.4397114559575788,1,-1.037852606,2.6647582824692666,5.006618890217401,1,0,0,0,0,0,0
7.9333333333333105,71.00207590534148,83.3788076,10.010166460336402,5.3349593749999995,2.9356919069530427,1.479035641371296,4.731583688536507,-0.632477346,2.4420362938245903,1,-1.046778497,2.647311974189022,4.989952223550738,1,0,0,0,0,0,0
7.949999999999977,71.16891201301377,83.46772359374921,10.01179740269776,5.3349593749999995,3.150320613144736,1.6833046137015824,4.729002691221192,-0.633194537,2.4444009647492075,1,-1.055042713,2.6297279289763456,4.973285556884075,1,0,0,0,0,0,0
7.966666666666644,71.33577530305871,83.55663958333253,10.013667409397824,5.3349593749999995,3.364776626588857,1.8875735860318688,4.726384860169336,-0.633833507,2.4468031174993214,1,-1.062663992,2.6120168624385447,4.9566188902174115,1,0,0,0,0,0,0
7.983333333,71.50266976,83.64555557291584,10.015761337797139,5.3349593749999995,3.5790621143467716,2.091842558362155,4.723731362440559,-0.634397647,2.449240398464322,1,-1.069660851,2.594189181585784,4.9399522235507485,1,0,0,0,0,0,0
7.999999999999977,71.66959911551197,83.73447156249915,10.018064308314434,5.3349593749999995,3.793179126970094,2.2961115306924413,4.7210433672196945,-0.634890247,2.451710450867853,1,-1.076051574,2.576254988685114,4.923285556884086,1,0,0,0,0,0,0
8.016666666666644,71.83656685398387,83.82338755208247,10.020561690788934,5.3349593749999995,4.007129604027517,2.5003805030227277,4.718322046284708,-0.635314496,2.4542109140372057,1,-1.081854207,2.558224085238084,4.906618890217423,1,0,0,0,0,0,0
8.033333333333312,72.00357621549699,83.91230354166578,10.023239091814782,5.3349593749999995,4.220915379410339,2.704649475353014,4.715568574445524,-0.635673491,2.456739422727876,1,-1.08708655,2.5401059760699556,4.889952224,1,0,0,0,0,0,0
8.05,72.17063020036056,84.00121953124909,10.026082342998283,5.3349593749999995,4.434538186430543,2.9089184476833005,4.71278413,-0.635970237,2.459293606501957,1,-1.091766153,2.5219098735194057,4.873285556884097,1,0,0,0,0,0,0
8.066666666666647,72.33773157274385,84.09013552,10.02907749,5.3349593749999995,4.6479996627244855,3.113187420013587,4.709969894889145,-0.636207652,2.4618710891591262,1,-1.095910308,2.503644701718423,4.856618890217434,1,0,0,0,0,0,0
8.083333333333314,72.50488286424536,84.17905151041572,10.032210782956334,5.3349593749999995,4.861301354974579,3.3174563923438734,4.707127055507872,-0.636388574,2.464469488219124,1,-1.099536046,2.4853191009525974,4.839952223550772,1,0,0,0,0,0,0
8.099999999999982,72.67208637729465,84.26796749999903,10.035468666323876,5.3349593749999995,5.074444723460581,3.5217253646741598,4.704256802579002,-0.636515759,2.4670864144546907,1,-1.102660132,2.466941432092874,4.823285556884109,1,0,0,0,0,0,0
8.116666667,72.83934418840005,84.35688348958234,10.038837771299491,5.3349593749999995,5.287431146451513,3.725994337004446,4.701360331683834,-0.636591888,2.469719471474035,1,-1.10529906,2.448519781090231,4.806618890217446,1,0,0,0,0,0,0
8.133333333333317,73.00665815125507,84.44579947916566,10.042304907587171,5.3349593749999995,5.5002619244485444,3.9302633093347326,4.698438843494031,-0.63661957,2.4723662553519734,1,-1.107469054,2.4300619635252487,4.789952223550783,1,0,0,0,0,0,0
8.149999999999984,73.17402989971487,84.53471546874897,10.045857056391869,5.3349593749999995,5.712938284288639,4.1345322816650185,4.695493544023794,-0.63660134,2.475024354308956,1,-1.109186059,2.411575529205191,4.773285557,1,0,0,0,0,0,0
8.166666666666652,73.34146085065476,84.62363145833228,10.049481363968841,5.3349593749999995,5.925461383118143,4.338801253995305,4.692525644857168,-0.636539668,2.4776913484372485,1,-1.110465744,2.3930677668013507,4.7566188902174575,1,0,0,0,0,0,0
8.183333333,73.50895220672089,84.71254745,10.053165135788257,5.3349593749999995,6.137832312245003,4.543070226325591,4.689536363350832,-0.636436957,2.4803648094736106,1,-1.111323497,2.3745457085201287,4.7399522235507945,1,0,0,0,0,0,0
8.199999999999987,73.67650495898403,84.80146343749891,10.056895831285178,5.3349593749999995,0.066866794,4.747339198655878,4.686526922812643,-0.636295548,2.4830423006178335,1,-1.111774423,2.356016134801412,4.723285556884131,1,0,0,0,0,0,0
8.216666666666654,73.84411988950546,84.89037942708222,10.060661059166549,5.3349593749999995,0.2789364125794295,4.951608170986164,4.683498552656256,-0.636117718,2.4857213763965667,1,-1.111833346,2.3374855790383937,4.706618890217468,1,0,0,0,0,0,0
8.233333333333322,74.01179757382488,84.97929541666554,10.064448573247953,5.3349593749999995,0.49085677752095397,5.1558771433164505,4.680452488532028,-0.635905687,2.4883995825718803,1,-1.111514804,2.3189603323131776,4.689952223550805,1,0,0,0,0,0,0
8.25,74.17953838,85.06821140624885,10.068246268794363,5.3349593749999995,0.7026287528472861,5.360146115646737,4.677389972,-0.635661615,2.491074456094046,1,-1.11083305,2.3004464481427456,4.673285556884142,1,0,0,0,0,0,0
8.266666666666657,74.34734249,85.15712739583216,10.072042179339887,5.3349593749999995,0.9142531547541172,5.564415087977023,4.674312252786509,-0.635387609,2.4937435250980404,1,-1.109802055,2.2819497472304815,4.65661889,1,0,0,0,0,0,0
8.283333333333324,74.51520985751455,85.24604338541548,10.075824473962731,5.3349593749999995,1.1257307545874622,5.76868406,4.671220584500574,-0.635085717,2.4964043089432946,1,-1.108435501,2.2634758222183455,4.639952223550817,1,0,0,0,0,0,0
8.299999999999992,74.68314026541395,85.33495937499879,10.079581454992441,5.3349593749999995,1.3370622820491902,5.972953032637596,4.668116229017052,-0.634757938,2.4990543182962273,1,-1.106746787,2.245030042435288,4.623285556884154,1,0,0,0,0,0,0
8.316666667,74.85113328966384,85.42387536,10.083301556127191,5.3349593749999995,1.5482484283341376,6.1772220049678825,4.665000454319942,-0.634406215,2.5016910552550984,1,-1.104749028,2.2266175586377903,4.606618890217491,1,0,0,0,0,0,0
8.333333333333327,75.01918831559931,85.51279135416542,10.086973340939739,5.3349593749999995,1.7592898492036804,0.09830567,4.661874534930111,-0.634032442,2.504312013516741,1,-1.102455054,2.2082433077384556,4.589952223550828,1,0,0,0,0,0,0
8.349999999999994,75.18730453794831,85.60170734374873,10.09058550175125,5.3349593749999995,1.9701871680003114,0.30257464244886906,4.658739751876271,-0.633638464,2.506914678584709,1,-1.099877413,2.1899120175191102,4.573285556884166,1,0,0,0,0,0,0
8.366666666666662,75.35548096297748,85.69062333333204,10.094126858852762,5.3349593749999995,2.180940978607447,0.5068436147791554,4.655597393,-0.633226074,2.509496528,1,-1.097028372,2.1716282113248497,4.556618890217503,1,0,0,0,0,0,0
8.383333333,75.52371641062501,85.77953932291535,10.09758636,5.3349593749999995,2.3915518483583886,0.7111125871094417,4.652448751101958,-0.632797019,2.5120550317226162,1,-1.093919915,2.153396212735893,4.539952224,1,0,0,0,0,0,0
8.399999999999997,75.69200951662594,85.86845531249867,10.100953080544507,5.3349593749999995,2.602020320898065,0.9153815594397281,4.649295127408634,-0.632352997,2.5145876522772954,1,-1.090563751,2.1352201502142103,4.5232855568841766,1,0,0,0,0,0,0
8.416666666666664,75.86035873463504,85.95737130208198,10.10421622,5.3349593749999995,2.8123469190009076,1.1196505317700145,4.646137827894558,-0.631895661,2.5170918453065703,1,-1.08697131,2.117103961722208,4.5066188902175135,1,0,0,0,0,0,0
8.433333333333332,76.02876234,86.04628729,10.107365118185697,5.3349593749999995,3.0225321473479307,1.323919504100301,4.642978165,-0.631426616,2.5195650598869994,1,-1.083153745,2.099051399310834,4.489952223550851,1,0,0,0,0,0,0
8.45,76.19721842365539,86.13520328124861,10.098678928862356,5.3349593749999995,3.2325764952658345,1.5281884764305873,4.639817456743303,-0.630947422,2.522004738994224,0.9988417561236788,-1.079121938,2.0810660336748237,4.473285556884188,1,0,0,0,0,0,0
8.466666666666667,76.36552973913643,86.22411927083192,10.096138347289466,5.3349593749999995,3.442480439430691,1.7324574487608737,4.636660686631165,-0.630459594,2.524405558325264,0.9983053998345915,-0.768178145,2.068263064599097,4.456618890217525,1,0,0,0,0,0,0
8.483333333333334,76.53379871159126,86.31303526041523,10.090187067876075,5.3349593749999995,3.6522446381413514,1.936726421,4.633507212,-0.629964583,2.526766547103343,0.9974465723632828,-0.929413736,2.0527728356715245,4.439952223550862,1,0,0,0,0,0,0
8.500000000000002,76.70196849605588,86.40195124999855,10.085858639111581,5.3349593749999995,3.861869640040645,2.1409953934214463,4.630359374906011,-0.629463804,2.5290844680423747,0.9967639595390585,-0.841306412,2.038751062136322,4.423285556884199,1,0,0,0,0,0,0
8.516666667,76.87006614,86.49086723958186,10.080501541763299,5.3349593749999995,4.071356042277356,2.3452643657517327,4.627217939355521,-0.628958621,2.5313572718342177,0.9959963277177376,-0.883815911,2.024020796958648,4.406618890217537,1,0,0,0,0,0,0
8.533333333333337,77.03807449907049,86.57978322916517,10.075489419856943,5.3349593749999995,4.280704410639283,2.549533338082019,4.624084494,-0.628450356,2.533582308227141,0.9952803241668781,-0.858001775,2.009720767368152,4.389952223550874,1,0,0,0,0,0,0
8.550000000000004,77.20599932273478,86.66869921874849,10.070100103960433,5.3349593749999995,4.489915324895971,2.7538023104123055,4.6209601950484664,-0.627940282,2.535757246915664,0.9945454537438956,-0.867435211,1.9952635138432977,4.373285556884211,1,0,0,0,0,0,0
8.566666666666672,77.37383432446745,86.75761521,10.064696582517856,5.3349593749999995,4.698989358611168,2.958071282742592,4.6178464190238335,-0.627429632,2.5378796079424237,0.9938284201268713,-0.858516809,1.9809549003680957,4.356618890217548,1,0,0,0,0,0,0
8.583333333,77.54157927,86.84653119791511,10.059083462177382,5.3349593749999995,4.907927093,3.1623402550728783,4.6147444252959815,-0.626919591,2.539947001,0.9931107510474771,-0.85883454,1.9666409913731437,4.339952223550885,1,0,0,0,0,0,0
8.600000000000007,77.70923065854572,86.93544718749843,10.053351218305052,5.3349593749999995,5.116729113018799,3.3666092274031647,4.611655528999952,-0.626411301,2.541957003567305,0.9924021884818045,-0.854281283,1.952402969992538,4.323285556884222,1,0,0,0,0,0,0
8.616666666666674,77.87678651218414,87.02436317708174,10.04744504904764,5.3349593749999995,5.325396012843194,3.570878199733451,4.608581012484122,-0.62590586,2.543907226211064,0.9916981112404712,-0.852038621,1.9382023263147605,4.3066188902175595,1,0,0,0,0,0,0
8.633333333333342,78.04424392966826,87.11327916666505,10.041383771083433,5.3349593749999995,5.533928396202277,3.7751471720637375,4.605522169828422,-0.625404322,2.5457952785682965,0.991001148,-0.848481631,1.9240609657981003,4.2899522235508964,1,0,0,0,0,0,0
8.65,78.21160033,87.20219515624837,10.03514933786897,5.3349593749999995,5.742326879408938,3.979416144394024,4.602480284029176,-0.624907697,2.5476187869470954,0.9903102704871514,-0.845438746,1.909970320037095,4.273285556884233,1,0,0,0,0,0,0
8.666666666666677,78.37885281481749,87.29111114583168,10.028742277385454,5.3349593749999995,5.950592093036182,4.183685117,4.599456638023604,-0.624416954,2.5493753872889413,0.989626266,-0.84200234,1.895936947700425,4.25661889,1,0,0,0,0,0,0
8.683333333333344,78.54599851944056,87.38002713541499,10.022154040604795,5.3349593749999995,6.158724684184728,4.387954089054596,4.596452508793031,-0.623933016,2.5510627292119437,0.9889490072435015,-0.838629282,1.8819597930066796,4.239952223550907,1,0,0,0,0,0,0
8.700000000000012,78.71303442011731,87.46894312,10.015380714839493,5.3349593749999995,0.083540011,4.592223061384883,4.593469169853526,-0.623456764,2.552678474961571,0.9882788077299197,-0.835099757,1.8680414637268314,4.223285556884245,1,0,0,0,0,0,0
8.716666667,78.87995743203129,87.55785911458162,10.008416265477395,5.3349593749999995,0.2914093747374204,4.796492033715169,4.590507889595669,-0.622989036,2.5542203008203512,0.9876157530033278,-0.831527363,1.8541826743385654,4.206618890217582,1,0,0,0,0,0,0
8.733333333333347,79.04676436978923,87.64677510416493,10.001255849384819,5.3349593749999995,0.4991481761151637,5.0007610060454555,4.587569931646653,-0.622530628,2.555685897370231,0.986960029,-0.827862195,1.840384971082509,4.189952223550919,1,0,0,0,0,0,0
8.750000000000014,79.21345196727896,87.73569109374824,9.993894202494667,5.3349593749999995,0.706757149,5.205029978375742,4.584656554235415,-0.622082292,2.5570729703133943,0.9863117608911866,-0.824133861,1.8266494067373886,4.173285556884256,1,0,0,0,0,0,0
8.766666666666682,79.38001687065389,87.82460708333156,9.986326422190121,5.3349593749999995,0.9142370517507035,5.409298950706028,4.581769010028974,-0.621644739,2.558379241050235,0.9856710942264894,-0.820333332,1.8129771845315783,4.156618890217593,1,0,0,0,0,0,0
8.783333333,79.54645564435708,87.91352307291487,9.978547592242482,5.3349593749999995,1.1215886737064529,5.613567923036315,4.578908545731448,-0.621218636,2.5596024473857817,0.9850381541282383,-0.816470049,1.799369350379486,4.139952223550931,1,0,0,0,0,0,0
8.800000000000017,79.71276477089447,88.00243906249818,9.970552963763442,5.3349593749999995,1.3288128327865154,5.817836895366601,4.5760764017863425,-0.62080461,2.5607403441925314,0.9844130651658011,-0.812544481,1.7858269423591762,4.123285556884268,1,0,0,0,0,0,0
8.816666666666684,79.87894065362383,88.09135505,9.962337870546776,5.3349593749999995,1.5359103795186722,6.0221058676968875,4.573273812020293,-0.620403244,2.561790704106936,0.9837959427012479,-0.808561232,1.7723509218212337,4.106618890217605,1,0,0,0,0,0,0
8.833333333333352,80.04497961813297,88.18027104166481,9.953897793113022,5.3349593749999995,1.7428821984580334,6.226374840027174,4.570501998506438,-0.620015081,2.5627513322008144,0.9831868951385013,-0.804523781,1.7589421921316784,4.089952223550942,1,0,0,0,0,0,0
8.85,80.21087791468483,88.26918703124812,9.945230582,5.3349593749999995,1.9497292097567194,0.14745850517787407,4.5677617006544935,-0.619640621,2.5636214371492576,0.9825858356042231,-0.800529767,1.7456000293460263,4.0732855568842785,1,0,0,0,0,0,0
8.866666666666687,80.37663175772514,88.35810302083144,9.936339226906949,5.3349593749999995,2.1564523460635243,0.3517274775081604,4.565052781482323,-0.619280328,2.564402776,0.9819924189581333,-0.796708323,1.7323215572952781,4.056618890217616,1,0,0,0,0,0,0
8.883333333333354,80.54223741,88.44701901041475,9.927228418,5.3349593749999995,2.3630525086032326,0.5559964498384468,4.562375008198233,-0.618934634,2.565097376891133,0.981406386,-0.793016417,1.7191046170042839,4.039952223550953,1,0,0,0,0,0,0
8.900000000000022,80.70769122,88.53593499999806,9.917902487599692,5.3349593749999995,2.569530563747719,0.760265422,4.559728145,-0.618603944,2.5657072659783577,0.9808274423562908,-0.789471883,1.7059467522799243,4.023285557,1,0,0,0,0,0,0
8.916666667,80.87298959325943,88.62485098958138,9.908365975837464,5.3349593749999995,2.7758873443876686,0.9645343944990195,4.5571119553305905,-0.618288633,2.5662344669550907,0.9802553130646002,-0.786064646,1.6928456748491691,4.006618890217627,1,0,0,0,0,0,0
8.933333333333357,81.03812902619006,88.71376697916469,9.898623366563971,5.3349593749999995,2.982123651274779,1.1688033668293059,4.554526197849593,-0.61798905,2.566681000428333,0.979689718,-0.782797396,1.6797990515887429,3.9899522235509646,1,0,0,0,0,0,0
8.950000000000024,81.20310608229948,88.80268297,9.888679204555004,5.3349593749999995,3.1882402543291963,1.3730723391595923,4.551970630646757,-0.617705518,2.5670488833702154,0.9791303841439082,-0.779667065,1.6668046005100694,3.9732855568843015,1,0,0,0,0,0,0
8.966666666666692,81.36791740237538,88.89159895833131,9.878538040415952,5.3349593749999995,3.3942378939183784,1.5773413114898787,4.549445009293412,-0.617438332,2.5673401285763453,0.9785770377157714,-0.776673214,1.653860046942263,3.9566188902176385,1,0,0,0,0,0,0
8.983333333,81.5325597,88.98051494791463,9.868204452361466,5.3349593749999995,3.6001172821082337,1.781610283820165,4.546949087358917,-0.617187763,2.5675567441349827,0.9780294091987138,-0.773814259,1.6409631426334494,3.939952223550976,1,0,0,0,0,0,0
9.000000000000027,81.69702977725501,89.06943093749794,9.857683033926282,5.3349593749999995,3.805879103889576,1.9858792561504515,4.544482616511296,-0.616954057,2.5677007329108736,0.9774872308865629,-0.771089156,1.6281116566988576,3.923285556884313,1,0,0,0,0,0,0
9.016666666666694,81.86132449448712,89.15834692708125,9.846978397,5.3349593749999995,4.011524018381786,2.1901482284807376,4.542045346619521,-0.616737435,2.5677740920425456,0.9769502375734609,-0.768496657,1.615303379089675,3.90661889,1,0,0,0,0,0,0
9.033333333333362,82.02544080110266,89.24726291666457,9.836095167822418,5.3349593749999995,4.217052660015897,2.394417200811024,4.539637025853504,-0.616538095,2.567778812453685,0.9764181663060285,-0.766035634,1.6025361185277383,3.889952223550987,1,0,0,0,0,0,0
9.05,82.18937572056637,89.33617890624788,9.825037987,5.3349593749999995,4.422465639699016,2.5986861731413105,4.537257400783399,-0.61635621,2.567716878378564,0.9758907564277578,-0.763704939,1.589807702875482,3.873285556884324,1,0,0,0,0,0,0
9.066666666666697,82.35312635368325,89.4250949,9.813811507,5.3349593749999995,4.627763545961972,2.802955145471597,4.534906216477467,-0.616191932,2.567590266901669,0.9753677494963398,-0.761503466,1.5771159784469981,3.8566188902176615,1,0,0,0,0,0,0
9.083333333333364,82.51668987880043,89.51401089,9.802420391286251,5.3349593749999995,4.832946946091925,3.0072241178018833,4.532583217,-0.616045388,2.5674009475116026,0.9748488892569618,-0.75943012,1.564458809785515,3.8399522235509984,1,0,0,0,0,0,0
9.100000000000032,82.68006355198855,89.60292687499782,9.790869312659483,5.3349593749999995,5.038016387251599,3.2114930901321697,4.530288143500244,-0.615916684,2.567150881669335,0.9743339215924397,-0.757483832,1.551834079247831,3.8232855568843354,1,0,0,0,0,0,0
9.116666667,82.84324470719952,89.69184286458113,9.779162952274016,5.3349593749999995,5.242972397586688,3.415762062462456,4.5280207383190065,-0.615805904,2.566842022390863,0.9738225944844738,-0.755663554,1.539239686681449,3.8066188902176727,1,0,0,0,0,0,0
9.133333333333367,83.00623075640408,89.78075885416445,9.767305998,5.3349593749999995,5.447815487322899,3.6200310347927425,4.525780741068423,-0.615713108,2.566476313844308,0.973314658,-0.753968256,1.5266735490735424,3.7899522235510097,1,0,0,0,0,0,0
9.150000000000034,83.16901918970876,89.86967484374776,9.755303145,5.3349593749999995,5.652546149853983,3.824300007123029,4.523567890729302,-0.615638337,2.566055690961491,0.9728098641096885,-0.752396931,1.5141336002249042,3.773285556884347,1,0,0,0,0,0,0
9.166666666666702,83.33160757545437,89.95859083333107,9.743159090522632,5.3349593749999995,5.857164862822041,4.028568979453315,4.521381925339344,-0.615581608,2.5655820790639843,0.9723079669340301,-0.750948588,1.5016177904277508,3.756618890217684,1,0,0,0,0,0,0
9.183333333333369,83.49399356029642,90.04750682291439,9.735877554711127,5.355759356,6.061672089191278,4.232837951783601,4.519222582081092,-0.61554292,2.565057393503651,0.9723079669340301,-0.32533573,1.4961955282617807,3.725427498128603,1,0,0,0,0,0,0
9.200000000000037,83.65625818620828,90.13676947884272,9.728244142888629,5.394810043869024,6.266068278316301,4.437562409987653,4.517088507631988,-0.615596216,2.5644832320067565,0.9723079669340301,-0.043661839,1.4954678309520375,3.6819147216742154,1,0,0,0,0,0,0
9.216666666666704,83.81839558858974,90.22668297957387,9.720107055399097,5.434103183264811,0.18716462982291393,4.643135075057271,4.5149795210779695,-0.615805173,2.5638614308017216,0.9723079669340301,-0.0181081,1.4951660292814937,3.6387452268704106,1,0,0,0,0,0,0
9.233333333333372,83.98039737284637,90.31725136596162,9.711477994268877,5.473638429399779,0.391324921,4.8495521121185945,4.512895471486141,-0.616167974,2.563193835759831,0.9723079669340301,0.008215104,1.495302948,3.5959168454239165,1,0,0,0,0,0,0
9.250000000000039,84.14225533941755,90.40847867311828,9.702373078466316,5.513415345225494,0.5953570959355238,5.056809557493504,4.510836201721884,-0.616681031,2.5624822928521684,0.9723079669340301,0.035271125,1.495890799750997,3.553427431,1,0,0,0,0,0,0
9.266666666666707,84.30396155739197,90.50036892887204,9.692812913517123,5.553433397869514,0.7992545838708598,5.264903317527566,4.508801547777057,-0.617338946,2.5617286466648452,0.9723079669340301,0.063018682,1.4969411111149664,3.511274859010407,1,0,0,0,0,0,0
9.283333333333374,84.46550843928395,90.59292615216987,9.682822656363463,5.5936919553218765,1.0030110892432014,5.473829167439869,4.506791338140899,-0.618134479,2.5609347388332964,0.9723079669340301,0.091410985,1.4984646275368831,3.4694570245982375,1,0,0,0,0,0,0
9.300000000000042,84.62688881689002,90.68615435142522,9.672432072059188,5.634190283073596,1.2066206862650213,5.683582750196469,4.504805393213513,-0.619058519,2.5601024064107496,0.9723079669340301,0.12039481619644299,1.5004712078068239,3.4279718430167367,1,0,0,0,0,0,0
9.316666666666709,84.78809601809098,90.78005752280978,9.661675578602464,5.6749275407094295,1.4100779168108744,5.894159575409201,4.502843524762344,-0.620100057,2.5592334801866703,0.9723079669340301,0.14990956516858667,1.5029697005596336,3.3868172482053414,1,0,0,0,0,0,0
9.333333333333377,84.94912394440104,90.87463964848826,9.650592275923868,5.715902778457348,1.6133778893533721,6.105555018261719,4.500905535422665,-0.621246166,2.5583297829717413,0.9723079669340301,0.1798862394466827,1.5059678045504117,3.345991192081375,1,0,0,0,0,0,0
9.350000000000044,85.10996714899977,90.96990469,9.639225955,5.757114933697424,1.8165163789243477,0.034579011285044814,4.498991218243572,-0.622481986,2.5573931278667663,0.9723079669340301,0.2102464500246315,1.5094719120508222,3.3054916437081263,1,0,0,0,0,0,0
9.366666666666712,85.27062091491285,91.06585661035751,9.627625081124044,5.798562827,2.0194899276933254,0.24759727206212875,4.497100356281565,-0.623790727,2.5564253165337725,0.9723079669340301,0.24090139546721456,1.5134869353086091,3.2653165884596254,1,0,0,0,0,0,0
9.383333333333379,85.43108133293157,91.16249932414809,9.615842751182402,5.840245160727675,2.222295945656509,0.4614194591696439,4.495232722244278,-0.625153673,2.5554281374884935,0.9723079669340301,0.2717508633418264,1.5180161163643062,3.225464027182178,1,0,0,0,0,0,0
9.400000000000047,85.59134537878458,91.25983674349357,9.603936612697748,5.8821605111105075,2.4249328108264447,0.6760403999508224,4.493388078187426,-0.626550209,2.554403364,0.9723079669340301,0.3026822756805858,1.5230608209589827,3.185931975353123,1,0,0,0,0,0,0
9.416666666666714,85.75141098899621,91.35787275,9.591968747365113,5.924307328954855,2.6273999682067326,0.8914547824276996,4.4915661752684555,-0.627957856,2.5533527546585977,0.9723079669340301,0.33356981083400683,1.528620317806216,3.1467184622369477,1,0,0,0,0,0,0
9.433333333333382,85.91127713478562,91.45661120749469,9.58000551,5.966683933833122,2.829698026729586,1.107657154432494,4.489766753560793,-0.629352331,2.552278048,0.9723079669340301,0.3642736403344582,1.5346915451451237,3.1078215300391574,1,0,0,0,0,0,0
9.450000000000049,86.07094389328427,91.55605593972524,9.568117319386229,6.009288511,3.0318288532289586,1.3246419227808206,4.487989541932866,-0.630707619,2.551180963001572,0.9723079669340301,0.3946393258854419,1.5412688672432144,3.069239233058156,1,0,0,0,0,0,0
9.466666666666717,86.23041251527405,91.65621074823946,9.556378398,6.052119106977392,3.233795662421194,1.5424033524890781,4.486234257996336,-0.631996075,2.550063200495099,0.9723079669340301,0.42449742798217116,1.5483438243762506,3.030969636835514,1,0,0,0,0,0,0
9.483333333333384,86.38968548858156,91.7570794,9.544866457,6.095173627339008,3.435603101771915,1.760935566,4.484500608128039,-0.633188541,2.5489264376025007,0.9723079669340301,0.453663384,1.5559048807685194,2.9930108173049654,1,0,0,0,0,0,0
9.500000000000052,86.54876659620487,91.85866562714472,9.533662319856413,6.138449832,3.6372573300457196,1.9802325426877796,4.482788287570177,-0.634254494,2.547772329214868,0.9723079669340301,0.4819377147667092,1.5639371760146312,2.9553608599404595,1,0,0,0,0,0,0
9.516666666666719,86.70766097,91.96097312,9.522849488439668,6.181945329985061,3.8387660882682026,2.2002881178384825,4.481096980613072,-0.635162213,2.546602506749708,0.9723079669340301,0.5091066348699114,1.5724222865957964,2.9180178589037262,1,0,0,0,0,0,0
9.533333333333387,86.86637512634314,92.06400555,9.512513649524408,6.225657580149284,4.040138761781899,2.4210959824530405,4.479426360864542,-0.63587898,2.5454185776161524,0.9723079669340301,0.5349431168944152,1.5813380052107033,2.880979916191668,1,0,0,0,0,0,0
9.550000000000054,87.02491702,92.16776650617265,9.502742117677919,6.269583882953058,4.241386432053269,2.642649682530784,4.477776091609379,-0.636371294,2.544222124922576,0.9723079669340301,0.55920849,1.5906581467109682,2.8442451407840683,1,0,0,0,0,0,0
9.566666666666721,87.18329605579652,92.27225957088854,9.493623221720513,6.313721379086096,4.4425219168908825,2.864942619,4.476145826261778,-0.636605127,2.5430147074462965,0.9723079669340301,0.5816546212412232,1.600352390398322,2.8078116477920245,1,0,0,0,0,0,0
9.583333333333389,87.34152310949185,92.37748826053996,9.485245636018263,6.358067045385878,4.643559797769315,3.0879680455306966,4.474535208912623,-0.636546187,2.541797859883016,0.9723079669340301,0.6020267295469095,1.6103861692241037,2.771677557607527,1,0,0,0,0,0,0
9.600000000000056,87.49961053675884,92.48345604462975,9.477697662322521,6.402617691244901,4.844516433022358,3.311719071766774,4.472943874972486,-0.636160213,2.540573093391092,0.9723079669340301,0.6200668630738093,1.6207206169420005,2.7358409950546965,1,0,0,0,0,0,0
9.616666666666724,87.65757216446423,92.59016634,9.471066469255314,6.447369955058927,5.0454099557753755,3.5361886594872427,4.471371451909892,-0.635413287,2.539341896442671,0.9723079669340301,0.6355180475711375,1.6313125844015195,2.7003000885431705,1,0,0,0,0,0,0
9.633333333333391,87.81542327228516,92.69762250540145,9.465437298325563,6.492320300724142,5.246260255631682,3.7613696241926724,4.469817560082936,-0.634272157,2.538105735990132,0.9723079669340301,0.6481290858774491,1.6421147358328103,2.6650529692240643,1,0,0,0,0,0,0
9.650000000000059,87.97318056,92.80582784374684,9.460892647,6.537465014191473,5.447088943311919,3.987254635,4.468281813660774,-0.632704579,2.5368660589521945,0.9723079669340301,0.657659954,1.6530757350666947,2.6300977701491632,1,0,0,0,0,0,0
9.666666666666726,88.13086210470863,92.91478559398337,9.457511441599227,6.5828002,5.647919297667438,4.213836212714756,4.466763821629732,-0.630679659,2.535624294019593,0.9723079669340301,0.6638877007371047,1.6641405300789798,2.5954326254337383,1,0,0,0,0,0,0
9.683333333333394,88.28848729540192,93.02449893065148,9.455368211836287,6.628321778405011,5.848776194745992,4.441106733624728,4.465263188877004,-0.628168194,2.5343818537753107,0.9723079669340301,0.6666127147381662,1.6752507419912825,2.561055669423668,1,0,0,0,0,0,0
9.700000000000061,88.44607676559917,93.13497096029158,9.454532285,6.674025481,6.049686018876117,4.669058425855038,4.4637795173430606,-0.625143017,2.533140137119298,0.9723079669340301,0.6656651819727832,1.686345161690829,2.5269650358673448,1,0,0,0,0,0,0
9.716666666666729,88.60365230367466,93.24620472,9.455067008936469,6.719906849907445,6.250676556049476,4.897683371450944,4.462312407232093,-0.621579321,2.5319005319823007,0.9723079669340301,0.6609115135914934,1.6973603535840205,2.4931588570930354,1,0,0,0,0,0,0
9.733333333333396,88.76123675,93.35820316581157,9.457029031,6.765961231418474,0.1685915630307404,5.126973506293669,4.460861458268111,-0.617454969,2.530664418308183,0.9723079669340301,0.6522604913154861,1.708231361772612,2.459635263192234,1,0,0,0,0,0,0
9.750000000000064,88.91885390434112,93.47096919,9.460467631738513,6.812183776073373,0.3698318562196846,5.356920620485123,4.459426271,-0.612750782,2.529433171278964,0.9723079669340301,0.6396688514426474,1.718892509296656,2.426392381209707,1,0,0,0,0,0,0
9.766666666666731,89.07652836487011,93.58450558260307,9.465424143,6.858569434425161,0.5712433138546608,5.587516358828677,4.458006448019442,-0.607450788,2.528208165,0.9723079669340301,0.6231460173162695,1.7292782762519272,2.393428334340799,1,0,0,0,0,0,0
9.783333333333399,89.23428543392828,93.69881507317683,9.471931459316819,6.905112954681071,0.7728579367549714,5.8187522214092615,4.456601595437826,-0.601542446,2.526990774874083,0.9723079669340301,0.602757695,1.7393242378397555,2.3607412411367394,1,0,0,0,0,0,0
9.800000000000066,89.39215095825023,93.81390028908817,9.480013645567281,6.951808880200924,0.974708362,6.050619564276097,4.455211324000989,-0.595016818,2.525782384,0.9723079669340301,0.5786280735230998,1.7489680390651405,2.3283292147185746,1,0,0,0,0,0,0
9.816666666666734,89.55015118567633,93.92976377042487,9.489685668335625,6.998651547,1.1768276734815541,6.283109600231341,4.453835250428504,-0.587868705,2.524584383712591,0.9723079669340301,0.5509404079365288,1.758150379197416,2.2961903620004143,1,0,0,0,0,0,0
9.833333333333401,89.70831261,94.04640796287742,9.500953240512693,7.045635082348886,1.3792492084662147,0.23302809254839385,4.452472998597726,-0.580096722,2.5233981803813985,0.9723079669340301,0.519935842,1.7668159765656377,2.2643227829227768,1,0,0,0,0,0,0
9.850000000000069,89.86666183415713,94.16383521,9.513812793749361,7.092753401240962,1.582006356173392,0.46673658470068524,4.451124200676597,-0.571703337,2.522225197413726,0.9723079669340301,0.485910389,1.7749144830522225,2.232724569696639,1,0,0,0,0,0,0
9.866666666666736,90.02522538071963,94.28204777093725,9.528251576538036,7.1400002061425685,1.7851323575763187,0.7010405584104471,4.449788498172087,-0.562694847,2.521066879952937,0.9723079669340301,0.4492100945913613,1.7824013179620786,2.201393806059072,1,0,0,0,0,0,0
9.883333333333404,90.18402957366192,94.40104777437296,9.544247876523809,7.187368984635963,1.9886601051980686,0.9359306636125007,4.448465542879569,-0.553081306,2.5199246984989396,0.9723079669340301,0.410224494,1.7892383928701712,2.170328566541116,1,0,0,0,0,0,0
9.900000000000071,90.34310037160395,94.52083725745024,9.561771362106892,7.234853008,2.192621946887945,1.1713974126425284,4.4471549977206175,-0.542876405,2.518800152568021,0.9723079669340301,0.36937858059927553,1.7953947025468258,2.139526916,1,0,0,0,0,0,0
9.916666666666739,90.50246322763905,94.64141814,9.580783535517563,7.2824453311278265,2.3970494959762405,1.407431181730597,4.445856537457976,-0.532097304,2.5176947741858027,0.9723079669340301,0.3271235652374127,1.8008467619674493,2.1089869076574357,1,0,0,0,0,0,0
9.933333333333406,90.66214295323101,94.76279222977251,9.601238287,7.330138789548907,2.6019734502392944,1.6440222126235542,4.444569849279513,-0.520764424,2.516610131176805,0.9723079669340301,0.28392680835322537,1.805578875440003,2.0787065849219992,1,0,0,0,0,0,0
9.950000000000074,90.82216359134696,94.88496120959832,9.623082537181268,7.377926000902573,2.807423421896982,1.8811606143394692,4.443294633244985,-0.508901195,2.515547830218275,0.9723079669340301,0.24026131305909804,1.8095832306576547,2.0486839782010007,1,0,0,0,0,0,0
9.966666666666741,90.98254830029998,95.00792664,9.646256954168948,7.425799363542646,3.013427780606102,2.1188363650572306,4.442030602592185,-0.496533781,2.5145095196310088,0.9723079669340301,0.19659521425431592,1.8128598175618933,2.018917105,1,0,0,0,0,0,0
9.983333333333409,91.14331924953615,95.13168996567242,9.670696728239877,7.473751056686961,3.2200135111151575,2.3570393141443624,4.440777483901645,-0.483690771,2.513496891885326,0.9723079669340301,0.15338167577426898,1.8154161788247978,1.9894039715203669,1,0,0,0,0,0,0
10.000000000000076,91.30449752834016,95.25625248328384,9.696332389320245,7.5217730406584815,3.4272060869194165,2.5957591843260435,4.439535017121596,-0.470402856,2.512511685806119,0.9723079669340301,0.1110495762061614,1.8172670050949005,1.9601425670543016,1,0,0,0,0,0,0
10.016666666666744,91.46610306816217,95.38161536729484,9.723090649843607,7.569857057441004,3.6350293609112416,2.834985573998245,4.438302955457333,-0.456702492,2.5115556884667054,0.9723079669340301,0.069995306,1.8184335935255853,1.931130868361062,1,0,0,0,0,0,0
10.033333333333411,91.62815458,95.50777965158551,9.750895257123446,7.617994631562828,3.8435054736708225,3.0747079596878044,4.437081065131316,-0.442623557,2.510630736767035,0.9723079669340301,0.030575923,1.8189431922421941,1.9023668365911435,1,0,0,0,0,0,0
10.050000000000079,91.79066949994495,95.63474622877823,9.779667839820423,7.666177071321614,4.052654779697552,3.3149156986621677,4.435869125022343,-0.428201009,2.5097387186973257,0.9723079669340301,-0.006896166,1.8188282561383888,1.8738484172196754,1,0,0,0,0,0,0
10.066666666666746,91.95366396394195,95.76251584663356,9.809328734315887,7.714395470363521,4.262495792,3.555598031691416,4.434666926,-0.413470548,2.508881574293456,0.9723079669340301,-0.042156928,1.8181256406734958,1.8455735395032236,1,0,0,0,0,0,0
10.083333333333414,92.11715277618055,95.89108910447294,9.839797778311164,7.762640709629438,4.473045142,3.796744085965077,4.433474271321829,-0.398468293,2.5080612962951414,0.9723079669340301,-0.074992826,1.816875760236819,1.8175401159588862,1,0,0,0,0,0,0
10.100000000000081,92.28114940581906,96.02046644963343,9.870995060716668,7.0298131137127795,4.684317560562196,4.71238898,4.432290974037135,-0.383230474,2.5072799305221296,0.9723079669340301,-0.105241436,1.815121736302532,1.7897460418666775,1,0,1,1,0,0,0
10.116666666666749,92.46123695,96.13763000152863,9.704344253895838,7.068924377073219,4.916391773272319,4.71238898,4.431006395274977,0,2.5064718243015105,0.873777768,-49.76509945,0.9857034120899646,1.9610296077620326,1,0,1,1,0,0,0
10.133333333333416,92.62297602342466,96.25544540781317,9.699216367791097,7.049681252,5.148398726,4.71238898,4.429865698343148,0,2.505792455156507,0.873777768,24.96929976954126,1.4018584082489856,1.9336644498190247,1,0,1,1,0,0,0
10.150000000000084,92.78462963,96.37294009535043,9.672112227125188,7.064239021224281,5.380345951167477,4.71238898,4.428737687856895,0,2.50515907,0.8717783142925202,-1.499726868,1.37686296,1.9225139347869302,1,0,1,1,0,0,0
10.166666666666751,92.94583150000659,96.49067741237081,9.667425250441323,7.058362234,5.612234114248269,4.71238898,4.427624658804789,0,2.504574552255023,0.8717783142925202,0.30881416376244086,1.382009863178344,1.9020699538969916,1,0,1,1,0,0,0
10.183333333333419,93.10695525,96.60831678292925,9.650147497,7.0638358828954555,5.844063999264171,4.71238898,4.426523773,0,2.504038984858671,0.8706228560455809,-1.077729123,1.3640477111205163,1.887198763073838,1,0,1,1,0,0,0
10.200000000000086,93.26779104579299,96.72604738097749,9.645910137,7.062094945,6.075836242,4.71238898,4.425436226,0,2.5035545616896746,0.8706228560455809,-0.303903426,1.358982654020277,1.869262493,1,0,1,1,0,0,0
10.216666666666754,93.42855621474894,96.84374896340216,9.631767554150967,7.063937401611579,0.024366233829446138,4.71238898,4.424360312018153,0,2.503122118388447,0.8697080049055288,-0.95742557,1.3430255611865098,1.853256852783488,1,0,1,1,0,0,0
10.233333333333421,93.58908567398481,96.96148125342904,9.627405104668425,7.063103431,0.25602519804728735,4.71238898,4.423296905,0,2.502743603115248,0.8696545930743522,-0.526705916,1.334247129260038,1.8362993696284207,1,0,1,1,0,0,0
10.250000000000089,93.74954242572926,97.07919964395234,9.614469179256838,7.063205186120821,0.48762848241876344,4.71238898,4.422244697496844,0,2.5024201263372627,0.8688050115252386,-0.924790775,1.3188339496840908,1.8200430121127977,1,0,1,1,0,0,0
10.266666666666756,93.90978357871688,97.19691973038766,9.608402955557779,7.0621638586786775,0.7191766733193051,4.71238898,4.421204400052972,0,2.5021534711772975,0.8685536919412182,-0.625659792,1.3084062864839212,1.8035396841057003,1,0,1,1,0,0,0
10.283333333333424,94.06992362797615,97.31462246136562,9.596984341017675,7.061168828654187,0.9506703943730599,4.71238898,4.420175042262615,0,2.501944918883976,0.8677958597386806,-0.878916101,1.293757684796107,1.7873273173663278,1,0,1,1,0,0,0
10.300000000000091,94.22987337,97.43230860850986,9.589513234,7.0595401822561605,1.1821102183789463,4.71238898,4.419156974,0,2.5017960612824295,0.8673716634154653,-0.712098162,1.2818893821026471,1.7710981473183938,1,0,1,1,0,0,0
10.316666666666759,94.38969858755388,97.54996761154746,9.579131852491205,7.057663153904479,1.413496736445832,4.71238898,4.418149551115793,0,2.5017082911309028,0.8666606354532976,-0.855513981,1.2676308157512497,1.755023837155825,1,0,1,1,0,0,0
10.333333333333426,94.54935078509538,97.66759533077919,9.570791005311793,7.055318650347551,1.6448305059832722,4.71238898,4.4171528578330355,0,2.501683089376001,0.8661101165828646,-0.775259435,1.254709825164308,1.7390053403332018,1,0,1,1,0,0,0
10.350000000000094,94.70886396851722,97.78518397495168,9.560997308,7.052629269,1.8761120887824625,4.71238898,4.416166459395562,0,2.501721887594064,0.8654036701673513,-0.853223208,1.2404894383683636,1.7230958752846852,1,0,1,1,0,0,0
10.366666666666761,94.86821392364521,97.90272779609762,9.552186109087195,7.049525385708667,2.1073420238802414,4.71238898,4.415190285316296,0,2.5018261133660213,0.8647612660132215,-0.821202077,1.2268027370839476,1.7072633705660485,1,0,1,1,0,0,0
10.383333333333429,95.02741702546331,98.02021988585943,9.542697810583183,7.046045262848675,2.338520846622753,4.71238898,4.414224015502641,0,2.5019971970505455,0.8640323103935108,-0.86447781,1.2123947735863587,1.691523349041772,1,0,1,1,0,0,0
10.400000000000096,95.18646198897301,98.13765397357355,9.533660045612864,7.04216705,2.569649075596132,4.71238898,4.413267500254022,0,2.5022365401471007,0.8633185006816576,-0.856904856,1.1981130259875825,1.6758648942218692,1,0,1,1,0,0,0
10.416666666666764,95.34535632306654,98.25502342441496,9.524330101296245,7.037902442500653,2.8007272215482093,4.71238898,4.412320477033429,0,2.5025455561060075,0.8625522220087538,-0.883139336,1.1833940370467173,1.6602917286959045,1,0,1,1,0,0,0
10.433333333333431,95.50409515808815,98.37232179845665,9.51520425,7.033244682305372,3.0317557814804097,4.71238898,4.411382758842629,0,2.50292563,0.8617780499189154,-0.887086045,1.1686092696313968,1.6447995146782093,1,0,1,1,0,0,0
10.450000000000099,95.66268189559275,98.48954254316175,9.505969214,7.0281973065439045,3.2627352426029543,4.71238898,4.410454110578071,0,2.5033781553535026,0.8609672612738222,-0.905394323,1.153519364,1.629388345429961,1,0,1,1,0,0,0
10.466666666666766,95.82111471582766,98.60667916493747,9.496834473150447,7.022758321351664,3.4936660798160704,4.71238898,4.409534329139703,0,2.5039045031122247,0.8601384841354391,-0.914388569,1.1382795547690951,1.614055899895612,1,0,1,1,0,0,0
10.483333333333434,95.97939529038018,98.72372513696001,9.487676858,7.016928875391405,3.724548757385692,4.71238898,4.408623192178059,0,2.504506046741701,0.8592802284675758,-0.929127834,1.122794090870234,1.5988011781073221,1,0,1,1,0,0,0
10.500000000000101,96.13752323801981,98.84067395154989,9.478582739,7.010708525517851,3.9553837279355615,4.71238898,4.407720490457224,0,2.5051841444605576,0.8583999912578432,-0.940118605,1.1071254474557957,1.5836224714371574,1,0,1,1,0,0,0
10.516666666666769,96.29549961700263,98.95751909364185,9.469508835239266,7.004097808562553,4.186171433133855,4.71238898,4.406826007666006,0,2.505940152074508,0.857493536,-0.953227559,1.0912383214725776,1.5685184607304206,1,0,1,1,0,0,0
10.533333333333436,96.45332476425665,99.07425405711791,9.460491628964622,6.997096848931541,4.416912303322721,4.71238898,4.405939532830544,0,2.5067754146534287,0.8565638594633247,-0.964838338,1.0751576825014746,1.553487624719744,1,0,1,1,0,0,0
10.550000000000104,96.61099962,99.19087233793346,9.451519830706705,6.989706107,4.6476067577977425,4.71238898,4.405060852762478,0,2.5076912728433123,0.8556096400869019,-0.977109688,1.0588725210312842,1.5385285572885017,1,0,1,1,0,0,0
10.566666666666771,96.76852495525117,99.30736743972437,9.442610991370529,6.9819259785835674,4.878255204691985,4.71238898,4.404189756566728,0,2.508689059,0.8546321770966635,-0.988731495,1.042393662779298,1.5236397980417566,1,0,1,1,0,0,0
10.583333333333439,96.92590180510734,99.42373287270078,9.433766145535989,6.973757004032609,5.108858041096076,4.71238898,4.4033260329605195,0,2.509770101607931,0.8536312825944206,-1.000447251,1.025719541927273,1.508819922,1,0,1,1,0,0,0
10.600000000000106,97.08313124,99.53996215610135,9.424996285816166,6.965199757762672,5.339415653037901,4.71238898,4.402469472,0,2.510935721289736,0.8526076784039658,-1.011802095,1.0088561736734836,1.494067493703324,1,0,1,1,0,0,0
10.616666666666774,97.24021451229657,99.65604881873071,9.416307154394072,6.9562549052042275,5.569928415542972,4.71238898,4.401619863243858,0,2.5121872351109045,0.8515616191292532,-1.023029637,0.9918056797175456,1.479381088764987,1,0,1,1,0,0,0
10.633333333333441,97.39715296,99.77198640048414,9.407707856040796,6.946923170354277,5.800396692647335,4.71238898,4.400776998100396,0,2.513525955063899,0.8504936713946726,-1.033973867,0.9745727819293734,1.4647592842430355,1,0,1,1,0,0,0
10.650000000000109,97.55394809580383,99.88776845332336,9.399206069178668,6.937205351178886,6.0308208374359875,4.71238898,4.399940667669462,0,2.514953189283822,0.8494042802272874,-1.044695584,0.9571611888678301,1.450200663731854,1,0,1,1,0,0,0
10.666666666666776,97.71060153029015,100.0033885425097,9.390810674744401,6.927102309632222,6.261201192065677,4.71238898,4.399110663805849,0,2.516470242400573,0.8482940065259731,-1.055136851,0.9395755746902102,1.4357038141393856,1,0,1,1,0,0,0
10.683333333333444,97.86711504,100.11884024767022,9.382530346927643,6.9166149747796295,0.2083527806151073,4.71238898,4.398286778829397,0,2.5180784162897005,0.8471633992543003,-1.065303636,0.9218205140929373,1.4212673275242198,1,0,1,1,0,0,0
10.700000000000111,98.02349054731803,100.23411716391655,9.374374303642487,6.9057443390217905,0.43864653782763313,4.71238898,4.397468806,0,2.519779010650404,0.8460130628853098,-1.075168184,0.9039010443513494,1.4068898001360088,1,0,1,1,0,0,0
10.716666666666779,98.17973011904542,100.34921290290026,9.366351921500932,6.894491457769132,0.6688974660591553,4.71238898,4.396656537196277,0,2.5215733237380027,0.8448436221761731,-1.084720355,0.8858223717752108,1.3925698328906801,1,0,1,1,0,0,0
10.733333333333446,98.33583598440379,100.46412109386307,9.358472935908374,6.882857447,0.8991058640193781,4.71238898,4.395849767,0,2.5234626530697373,0.8436557397783632,-1.093941199,0.8675900184601273,1.3783060311090665,1,0,1,1,0,0,0
10.750000000000114,98.49181053333558,100.5788353846504,9.350747344331904,6.870843483117194,1.1292720196143244,4.71238898,4.395048290350572,0,2.525448296204408,0.8424501070056399,-1.102816386,0.8492097453541008,1.364097004626643,1,0,1,1,0,0,0
10.766666666666781,98.64765632240778,100.69334944270236,9.343185456120546,6.8584507986623064,1.3593962099666201,4.71238898,4.394251900317673,0,2.5275315515435612,0.8412274477988894,-1.111329603,0.8306875852978458,1.3499413677111776,1,0,1,1,0,0,0
10.783333333333449,98.80337608,100.80765695601337,9.335797870271417,6.845680683,1.5894787014343033,4.71238898,4.393460392084942,0,2.529713719182981,0.8399885161559147,-1.119465821,0.8120298216063908,1.3358377390721499,1,0,1,1,0,0,0
10.800000000000116,98.95897271118099,100.92175163406358,9.328595486653475,6.8325344792878235,1.819519749627833,4.71238898,4.392673560679052,0,2.531996101801114,0.8387340965455136,-1.127209805,0.7932429915197139,1.321784741818536,1,0,1,1,0,0,0
10.816666666666784,99.11444930262519,101.03562720871838,9.321589501,6.819013582699726,2.049519599,4.71238898,4.391891201379358,0,2.5343800055923795,0.8374650028023104,-1.134546872,0.7743338769930208,1.3077810034360422,1,0,1,1,0,0,0
10.833333333333451,99.26980912763753,101.14927743509674,9.314791404900134,6.8051194385697675,2.2794784849856073,4.71238898,4.391113109678459,0,2.536866741242652,0.8361820775800552,-1.141462611,0.7553095001408949,1.2938251557476586,1,0,1,1,0,0,0
10.850000000000119,99.42505565105256,101.26269609240626,9.308212985760541,6.790853540304803,2.509396629759735,4.71238898,4.390339081240294,0,2.5394576249493133,0.8348861914196605,-1.14794308,0.7361771154709389,1.2799158348747641,1,0,1,1,0,0,0
10.866666666666786,99.58019253414858,101.37587698474465,9.301866322,6.776217427308347,2.739274246499613,4.71238898,4.389568911855979,0,2.542153979485742,0.833578242,-1.153974787,0.7169442023470601,1.266051681189558,1,0,1,1,0,0,0
10.883333333333454,99.73522363951889,101.48881394186645,9.295763782,6.761212683,2.969111537264828,4.71238898,4.388802397,0,2.544957135,0.8322591523033018,-1.159544771,0.6976184561679499,1.2522313392626034,1,0,1,1,0,0,0
10.900000000000121,99.89015304,101.60150081991378,9.289918018098193,6.7458409318225625,3.1989086934268354,4.71238898,4.388039334,0,2.5478684317264606,0.8309298710277049,-1.164640638,0.6782077788713086,1.2384534578029933,1,0,1,1,0,0,0
10.916666666666789,100.04498500285519,101.71393150211082,9.317195576122312,6.730103838591118,3.428665895670615,4.71238898,4.447393308474193,0,2.53,0.8280549398341316,-1.937465597,0.6459166855915309,1.2247166895914923,1,0,1,1,0,0,0
10.933333333333456,100.20027159579058,101.82609989942068,9.298778341498497,6.7140031046005415,3.6615308647627307,4.71238898,4.438602177563894,0,2.53,0.8280549398341316,-0.487867401,0.6377855622384244,1.211019691405829,1,0,1,1,0,0,0
10.950000000000124,100.35525123481557,101.93799995116404,9.269944004,6.697540466077382,3.8939355313167705,4.71238898,4.430139898912035,0,2.53,0.827064059,-0.995440316,0.6211948903099109,1.1973611239377155,1,0,1,1,0,0,0
10.966666666666791,100.50975030154399,102.04962562559865,9.245132901,6.680717691626992,4.1258971139967215,4.71238898,4.422002600907228,0,2.53,0.8263682900045369,-0.847884599,0.6070634803251354,1.183739651701053,1,0,1,1,0,0,0
10.983333333333459,100.66383584989563,102.16097092045908,9.219533132985013,6.663536579794014,4.357432628749473,4.71238898,4.414173656481426,0,2.53,0.8255416587283285,-0.913315638,0.5918415530233984,1.1701539429307402,1,0,1,1,0,0,0
11.000000000000126,100.8174947354454,102.27202986345566,9.194686558063317,6.645998956578197,4.5885582209306675,4.71238898,4.406641342278982,0,2.53,0.8247241332796044,-0.908762724,0.5766955076173637,1.1566026694716036,1,0,1,1,0,0,0
11.016666666666794,100.97073951141311,102.38279651273194,9.170086981,6.628106672906625,4.819289422,4.71238898,4.399393171499366,0,2.53,0.8238727859937619,-0.925673643,0.5612676135686766,1.1430845066568176,1,0,1,1,0,0,0
11.033333333333461,101.12357429443779,102.49326495728036,9.145875214675302,6.609861602063464,5.0496411098597385,4.71238898,4.392417618687276,0,2.53,0.8230024452145558,-0.93517039,0.5456814404086255,1.1295981331752003,1,0,1,1,0,0,0
11.050000000000129,101.27600554801569,102.60342931731475,9.121994268,6.591265637078543,5.279627558565844,4.71238898,4.385703557454696,0,2.53,0.822110132,-0.946156546,0.5299121646402599,1.1161422309268707,1,0,1,1,0,0,0
11.066666666666796,101.42803878580906,102.71328374459938,9.098447667820302,6.572320688075531,5.509262459847882,4.71238898,4.379240392688432,0,2.53,0.8211982106843866,-0.955960719,0.5139794859905484,1.1027154848665535,1,0,1,1,0,0,0
11.083333333333464,101.57967958027274,102.82282242273396,9.075222388167143,6.553028679580612,5.7385589506141095,4.71238898,4.3730179896760255,0,2.53,0.820267474,-0.965368108,0.49789001753165213,1.0893165828338898,1,0,1,1,0,0,0
11.100000000000131,101.73093328674219,102.93203956739364,9.052311154103673,6.533391547792505,5.967529637,4.71238898,4.367026663617246,0,2.53,0.8193191555868063,-0.974159441,0.48165402684404623,1.075944215370122,1,0,1,1,0,0,0
11.116666666666799,101.88180513931059,103.04092942652352,9.029706092948379,6.513411238,6.1961866185279915,4.71238898,4.3612571539708345,0,2.53,0.8183543564794503,-0.982399554,0.4652807009494131,1.0625970755204006,1,0,1,1,0,0,0
11.133333333333466,102.03230024085974,103.14948628048711,9.007400420060353,6.493089700847897,0.14135620193725007,4.71238898,4.355700605,0,2.53,0.8173742052994718,-0.99007559,0.448779441,1.0492738586209873,1,0,1,1,0,0,0
11.150000000000134,102.18242358119409,103.25770444216789,8.985387939989566,6.472428891350613,0.3694201522797562,4.71238898,4.350348543718301,0,2.53,0.8163798140500707,-0.997195625,0.4321595140379159,1.035973262,1,0,1,1,0,0,0
11.166666666666801,102.33218004686057,103.36557825702374,8.963663126,6.451430764155295,0.5972038693714308,4.71238898,4.345192866,0,2.53,0.8153722888243649,-1.003762613,0.4154301371570344,1.0226939850852044,1,0,1,1,0,0,0
11.183333333333469,102.48157443229906,103.47310210309297,8.942221055583303,6.430097271552914,0.8247176357937637,4.71238898,4.340225813271131,0,2.53,0.8143527266990616,-1.009781063,0.3986004527795067,1.009434728434949,1,0,1,1,0,0,0
11.200000000000136,102.63061144989211,103.5802703909522,8.921057379,6.408430360337734,1.0519713279586531,4.71238898,4.335439961021996,0,2.53,0.8133222159044132,-1.015255397,0.38167952949077094,0.9961941941631921,1,0,1,1,0,0,0
11.216666666666804,102.77929573954424,103.68707756362448,8.900168287366004,6.386431968814996,1.2789744334857585,4.71238898,4.330828199794873,0,2.53,0.8122818351872974,-1.020190359,0.3646763568481386,0.9829710852858848,1,0,1,1,0,0,0
11.233333333333471,102.92763187766701,103.79351809643805,8.879550477,6.364104023769889,1.5057360677596765,4.71238898,4.326383721821949,0,2.53,0.8112326533325352,-1.024590927,0.34759984139178773,0.9697641054707236,1,0,1,1,0,0,0
11.250000000000139,103.07562438562286,103.89958649683422,8.859201120915175,6.341448437397451,1.7322649897111149,4.71238898,4.322100006702672,0,2.53,0.8101757286204664,-1.028462356,0.3304588021245472,0.9565719586950175,1,0,1,1,0,0,0
11.266666666666806,103.22327773763811,104.00527730412415,8.839117834,6.318467104192045,1.9585696168634068,4.71238898,4.317970808113582,0,2.53,0.8091121082681727,-1.031810176,0.31326196585543337,0.9433933488811141,1,0,1,1,0,0,0
11.283333333333474,103.37059636820317,104.11058508919399,8.819298646,6.295161897794952,2.1846580396831534,4.71238898,4.313990141213373,0,2.53,0.8080428278435299,-1.034640212,0.2960179623167436,0.9302269795082141,1,0,1,1,0,0,0
11.300000000000141,103.51758467897446,104.21550445415721,8.799741973078506,6.271534667798688,2.410538035271399,4.71238898,4.310152270700922,0,2.53,0.8069689106538465,-1.036958595,0.2787353190693814,0.9170715531994283,1,0,1,1,0,0,0
11.316666666666809,103.66424704519244,104.32003003195388,8.780446586144132,6.247587236505734,2.636217080429522,4.71238898,4.306451699487007,0,2.53,0.8058913671088466,-1.038771772,0.2614224561943819,0.9039257712826794,1,0,1,1,0,0,0
11.333333333333476,103.81058782162819,104.42415648589565,8.761411586564426,6.2233213956396725,2.861702364131983,4.71238898,4.302883157943178,0,2.53,0.8048111940586036,-1.040086525,0.2440876807756899,0.8907883333241521,1,0,1,1,0,0,0
11.350000000000144,103.95661134807091,104.52787850915632,8.742636377810497,6.198738903005721,3.087000799436142,4.71238898,4.299441593693772,0,2.53,0.8037293741074119,-1.040909976,0.2267391811824252,0.8776579366327022,1,0,1,1,0,0,0
11.366666666666811,104.10232195436777,104.63119082420644,8.724120639510796,6.173841479097976,3.3121190348575875,4.71238898,4.2961221619193815,0,2.53,0.8026468749049812,-1.041249601,0.20938502116216978,0.8645332757337654,1,0,1,1,0,0,0
11.383333333333479,104.2477239650263,104.73408818219139,8.705864301846328,6.1486308036496515,3.537063465237758,4.71238898,4.292920216142243,0,2.53,0.801564648,-1.041113244,0.19203313376123515,0.8514130418110073,1,0,1,1,0,0,0
11.400000000000146,104.39282170339038,104.8365653622522,8.687867521,6.123108512,3.761840242129084,4.71238898,4.289831299465983,0,2.53,0.8004836301764424,-1.04050912,0.1746913150910136,0.8382959221138867,1,0,1,1,0,0,0
11.416666666666814,104.5376194953995,104.93861717078755,8.670130652,6.097276192130816,3.986455283721449,4.71238898,4.2868511362439685,0,2.53,0.7994047385211392,-1.039445828,0.15736721796348727,0.8251805993293186,1,0,1,1,0,0,0
11.433333333333481,104.68212167294064,105.04023844065642,8.652654231779502,6.071135379796182,4.210914284332401,4.71238898,4.283975624152234,0,2.53,0.7983288738163085,-1.037932352,0.14006834542323102,0.8120657509151855,1,0,1,1,0,0,0
11.450000000000149,104.82633257680362,105.14142403031968,8.635438946693622,6.044687556025594,4.435222723482307,4.71238898,4.281200826644474,0,2.53,0.7972569176702072,-1.035978073,0.12280204420572106,0.7989500483936646,1,0,1,1,0,0,0
11.466666666666816,104.97025655924853,105.24216882292012,8.618485616843405,6.017934142708811,4.659385874574454,4.71238898,4.278522965768073,0,2.53,0.7961897321443431,-1.033592763,0.10557549815685335,0.7858321566017443,1,0,1,1,0,0,0
11.483333333333483,105.11389798619592,105.3424677252986,8.601795171240717,5.990876498827465,4.883408813198991,4.71238898,4.275938415321454,0,2.53,0.7951281589635562,-1.03078659,0.088395722,0.7727107328966024,1,0,1,1,0,0,0
11.500000000000151,105.25726123904991,105.44231566694572,8.585368626881982,5.963515916468475,5.107296425078595,4.71238898,4.273443694334284,0,2.53,0.7940730187307613,-1.027570116,0.071269553,0.7595844263128234,1,0,1,1,0,0,0
11.516666666666818,105.40035071616461,105.54170759888683,8.569207068014476,5.935853616734035,5.331053413672765,4.71238898,4.271035460853227,0,2.53,0.7930251101515111,-1.02395429,0.054203648216587116,0.7464518766686102,1,0,1,1,0,0,0
11.533333333333486,105.54317083396484,105.64063849249908,8.553311626097042,5.907890746,5.554684307456732,4.71238898,4.268710506016997,0,2.53,0.7919852092738998,-1.019950439,0.037204474,0.7333117136176429,1,0,1,1,0,0,0
11.550000000000153,105.6857260277331,105.73910333825808,8.537683460490657,5.879628369286156,5.778193466890142,4.71238898,4.2664657484054525,0,2.53,0.7909540687495021,-1.015570262,0.020278303199845162,0.7201625556431482,1,0,1,1,0,0,0
11.566666666666821,105.82802075207462,105.83709714441284,8.522323739918578,5.851067470408285,6.001585091089859,4.71238898,4.264298228648439,0,2.53,0.7899324171213241,-1.010825814,0.003431206,0.7070030089902527,1,0,1,1,0,0,0
11.583333333333488,105.97005948107329,105.9346149355863,8.518140570137328,5.822208942765523,6.224863224,4.71238898,4.262205104280872,0,2.53,0.7899324171213241,,,,1,0,1,1,0,0,0